id,สถานภาพ,วิธีรับเข้า,วุฒิ,คะแนนเฉลี่ยก่อนรับเข้า,จบการศึกษาจาก,หน่วยกิตที่ลงทะเบียน,หน่วยกิตที่ผ่าน,หน่วยกิตของหลักสูตร,คะแนนเฉลี่ยสะสม,GPA 2559/1,GPA 2559/2,GPA 2560/1,GPA 2560/2,GPA 2560/3,GPA 2561/1,GPA 2561/2,GPA 2561/3,GPA 2562/1,GPA 2562/2,GPA 2562/3,GPA 2563/1,GPA 2563/2,GPA 2563/3,GPA 2564/1,GPA 2564/2,GPA 2564/3,GPA 2565/1,GPA 2565/2,GPA 2565/3,GPA 2566/1,GPA 2566/2,GPA 2567/1,GPA 2567/2,GPA 2567/3,GPA 2568/1
1,สำเร็จการศึกษา,โควตา-เรียนดี,มัธยมศึกษาตอนปลาย (ม.6),3.4,โรงเรียนสมุทรปราการ,137,137,137,3.6,3.68,3.68,3.65,3.53,0,3.47,3.57,3.57,3.61,3.61,0,0,0,0,0,0,0,0,0,0,0,0,0,0,0,0
2,สำเร็จการศึกษา,โควตา-เรียนดี,มัธยมศึกษาตอนปลาย (ม.6),3.02,โรงเรียนพระโขนงพิทยาลัย,137,137,137,2.95,2.58,2.86,2.96,2.78,0,2.7,2.86,2.86,2.91,2.93,0,0,0,0,0,0,0,0,0,0,0,0,0,0,0,0
3,สำเร็จการศึกษา,โควตา-เรียนดี,มัธยมศึกษาตอนปลาย (ม.6),2.94,โรงเรียนบางลี่วิทยา,140,137,137,2.5,2.26,2.35,2.47,2.5,0,2.5,2.47,2.47,2.46,2.5,0,0,0,0,0,0,0,0,0,0,0,0,0,0,0,0
4,สำเร็จการศึกษา,โควตา-เครือข่าย,มัธยมศึกษาตอนปลาย (ม.6),3.19,โรงเรียนราชประชาสมาสัย ฝ่ายมัธยม รัชดาภิเษก ในพระบรมราชูปถัมภ์,143,137,137,2.39,2.38,2.24,2.46,2.29,0,2.18,2.26,2.26,0,2.31,0,0,0,0,0,0,0,0,0,0,0,0,0,0,0,0
5,สำเร็จการศึกษา,สอบคัดเลือก-สมัครทางอินเทอร์เน็ต,มัธยมศึกษาตอนปลาย (ม.6),2.01,โรงเรียนฐานปัญญา,143,137,137,2.03,2.5,2.19,2.07,2.14,0,2.15,2.11,2.11,2.14,2.26,0,0,0,0,0,0,0,0,0,0,0,0,0,0,0,0
6,สำเร็จการศึกษา,สอบคัดเลือก-สมัครทางอินเทอร์เน็ต,ปวช.,2.42,วิทยาลัยเทคโนโลยีศรีวิกรม์บริหารธุรกิจ,137,137,137,2.23,2.58,2.73,2.76,2.9,0,2.98,2.98,0,2.9,2.93,0,0,0,0,0,0,0,0,0,0,0,0,0,0,0,0
7,สำเร็จการศึกษา,สอบคัดเลือก-สมัครทางอินเทอร์เน็ต,มัธยมศึกษาตอนปลาย (ม.6),2.75,โรงเรียนราชประชาสมาสัย ฝ่ายมัธยม รัชดาภิเษก ในพระบรมราชูปถัมภ์,137,137,137,2.28,2.22,2.32,2.35,2.28,0,2.3,2.45,2.45,2.53,2.56,0,0,0,0,0,0,0,0,0,0,0,0,0,0,0,0
8,สำเร็จการศึกษา,สอบคัดเลือก-สมัครทางอินเทอร์เน็ต,มัธยมศึกษาตอนปลาย (ม.6),2.7,โรงเรียนวชิรปราการวิทยาคม,137,137,137,3.03,0,0,2.47,2.44,0,2.57,2.6,2.6,2.56,2.59,0,0,0,0,0,0,0,0,0,0,0,0,0,0,0,0
9,สำเร็จการศึกษา,สอบคัดเลือก-สมัครทางอินเทอร์เน็ต,มัธยมศึกษาตอนปลาย (ม.6),2.44,โรงเรียนพูลเจริญวิทยาคม,137,137,137,2.25,0,0,2.61,2.38,0,0,2.42,0,2.45,2.62,0,2.7,2.7,2.7,0,0,0,0,0,0,0,0,0,0,0,0
10,สำเร็จการศึกษา,สอบคัดเลือก-สมัครทางอินเทอร์เน็ต,มัธยมศึกษาตอนปลาย (ม.6),2.82,โรงเรียนนนทรีวิทยา,137,137,137,2.51,0,0,1.11,0,0,2.29,2.3,0,2.37,2.44,0,2.54,2.61,2.61,0,0,0,0,0,0,0,0,0,0,0,0
11,สำเร็จการศึกษา,สอบคัดเลือก-สมัครทางอินเทอร์เน็ต,มัธยมศึกษาตอนปลาย (ม.6),2.34,โรงเรียนพระแม่มารี,140,137,137,2.52,0,0,2.25,2.13,0,2.45,2.28,0,2.32,2.39,0,2.4,0,0,0,0,0,0,0,0,0,0,0,0,0,0
12,สำเร็จการศึกษา,สอบคัดเลือก-สมัครผ่าน สกอ.,มัธยมศึกษาตอนปลาย (ม.6),2.15,โรงเรียนราชวินิต มัธยม,137,137,137,2.78,0,0,2.24,2.08,0,2.14,2.06,0,1.95,2.06,0,2.16,2.25,2.25,2.23,0,0,0,0,0,0,0,0,0,0,0
13,สำเร็จการศึกษา,สอบคัดเลือก-สมัครผ่าน สกอ.,มัธยมศึกษาตอนปลาย (ม.6),3.11,โรงเรียนนวมินทราชินูทิศ สตรีวิทยา พุทธมณฑล,137,137,137,3.24,0,0,2.66,2.58,0,2.71,2.64,0,2.55,0,0,2.58,2.59,2.59,2.59,2.59,0,2.54,2.49,2.46,0,0,0,0,0,0
14,สำเร็จการศึกษา,สอบคัดเลือก-สมัครผ่าน สกอ.,มัธยมศึกษาตอนปลาย (ม.6),2.88,โรงเรียนสตรีวัดอัปสรสวรรค์,137,137,137,2.73,0,0,1.92,1.85,0,1.95,1.9,0,1.98,2.2,0,2.29,2.29,2.29,0,0,0,0,0,0,0,0,0,0,0,0
15,พ้นสภาพนักศึกษา,สอบคัดเลือก-สมัครผ่าน สกอ.,มัธยมศึกษาตอนปลาย (ม.6),2.47,โรงเรียนพระโขนงพิทยาลัย,31,25,137,1.43,0,0,0,0,0,0,2,0,1.45,0,0,0,0,0,0,0,0,0,0,0,0,0,0,0,0,0
16,สำเร็จการศึกษา,สอบคัดเลือก-สมัครผ่าน สกอ.,มัธยมศึกษาตอนปลาย (ม.6),2.76,โรงเรียนสมุทรสาครวิทยาลัย,137,137,137,2.53,0,0,1.84,1.96,0,2.27,0,0,2.07,0,0,0,0,0,0,0,0,0,0,0,0,0,0,0,0,0
17,ลาออก,สอบคัดเลือก-สมัครผ่าน สกอ.,มัธยมศึกษาตอนปลาย (ม.6),3.47,โรงเรียนวัดนวลนรดิศ,49,40,137,2.95,0,0,2.34,2.37,0,2.6,0,0,0,0,0,0,0,0,0,0,0,0,0,0,0,0,0,0,0,0
18,ถอนชื่อเนื่องจากนักศึกษาใหม่ไม่มาเรียนตั้งแต่เปิดภาคเรียน,โควตา-เรียนดี,มัธยมศึกษาตอนปลาย (ม.6),2.85,โรงเรียนพระโขนงพิทยาลัย,19,0,137,0,0,0,0,0,0,3.38,3.17,0,0,0,0,0,0,0,0,0,0,0,0,0,0,0,0,0,0,0
19,สำเร็จการศึกษา,โควตา-เรียนดี,มัธยมศึกษาตอนปลาย (ม.6),2.81,โรงเรียนพระแม่มารี,137,137,137,2.37,0,0,3.05,3.11,0,3.08,3.1,0,3.01,2.98,0,3.02,3.04,3.04,0,3.04,0,0,0,0,0,0,0,0,0,0
20,สำเร็จการศึกษา,โควตา-เรียนดี,ปวช.,3.34,วิทยาลัยเทคโนโลยีปทีปพลีผล,140,137,137,2.25,0,0,2.55,2.31,0,2.61,2.62,0,2.64,2.71,0,2.76,2.79,2.79,0,2.78,0,0,0,0,0,0,0,0,0,0
21,สำเร็จการศึกษา,โควตา-เรียนดี,มัธยมศึกษาตอนปลาย (ม.6),3.16,โรงเรียนกรุงเทพคริสเตียนวิทยาลัย,137,137,137,3.06,0,0,1.84,1.82,0,2.17,2.16,0,2.29,2.48,0,2.58,2.67,2.67,0,0,0,0,0,0,0,0,0,0,0,0
22,สำเร็จการศึกษา,สอบคัดเลือก-สมัครทางอินเทอร์เน็ต,มัธยมศึกษาตอนปลาย (ม.6),2.53,โรงเรียนเจ้าพระยาวิทยาคม,137,137,137,2.17,0,0,2,1.87,0,2.23,2.26,0,2.32,2.51,0,2.59,2.68,2.68,0,0,0,0,0,0,0,0,0,0,0,0
23,พ้นสภาพนักศึกษา,สอบคัดเลือก-สมัครทางอินเทอร์เน็ต,มัธยมศึกษาตอนปลาย (ม.6),2.59,โรงเรียนสิริรัตนาธร,37,16,137,0.72,0,0,2.69,3.03,0,3.11,0,0,0,0,0,0,0,0,0,0,0,0,0,0,0,0,0,0,0,0
24,ถอนชื่อออกจากทะเบียนนักศึกษา,สอบคัดเลือก-สมัครทางอินเทอร์เน็ต,มัธยมศึกษาตอนปลาย (ม.6),2.52,โรงเรียนเจ้าพระยาวิทยาคม,58,58,137,1.72,0,0,0,0,0,3.8,3.68,0,3.56,3.55,0,0,0,0,0,0,0,0,0,0,0,0,0,0,0,0
25,สำเร็จการศึกษา,สอบคัดเลือก-สมัครทางอินเทอร์เน็ต,มัธยมศึกษาตอนปลาย (ม.6),2.58,โรงเรียนนารีวิทยา,140,137,137,2.89,0,0,2.08,2.18,0,2.46,2.43,0,2.34,2.61,0,2.72,2.77,2.77,0,0,0,0,0,0,0,0,0,0,0,0
26,ถอนชื่อออกจากทะเบียนนักศึกษา,สอบคัดเลือก-สมัครทางอินเทอร์เน็ต,มัธยมศึกษาตอนปลาย (ม.6),2.58,โรงเรียนราชดำริ,55,40,137,1.81,0,0,1.54,0,0,0,0,0,0,2.39,0,2.56,2.64,2.64,0,0,0,0,0,0,0,0,0,0,0,0
27,ถอนชื่อออกจากทะเบียนนักศึกษา,สอบคัดเลือก-สมัครทางอินเทอร์เน็ต,มัธยมศึกษาตอนปลาย (ม.6),2.43,โรงเรียนราชประชาสมาสัย ฝ่ายมัธยม รัชดาภิเษก ในพระบรมราชูปถัมภ์,64,55,137,1.91,0,0,3.05,2.99,0,3.02,0,0,0,0,0,0,0,0,0,0,0,0,0,0,0,0,0,0,0,0
28,สำเร็จการศึกษา,สอบคัดเลือก-สมัครทางอินเทอร์เน็ต,ปวช.,2.97,วิทยาลัยเทคโนโลยีสายประสิทธิ์บริหารธุรกิจ,137,137,137,2.84,0,0,2.58,2.74,0,2.7,2.74,0,2.81,2.88,0,2.89,2.9,2.9,2.92,0,0,0,0,0,0,0,0,0,0,0
29,พ้นสภาพนักศึกษา,สอบคัดเลือก-สมัครทางอินเทอร์เน็ต,มัธยมศึกษาตอนปลาย (ม.6),2.63,โรงเรียนเจ้าพระยาวิทยาคม,34,16,137,0.69,0,0,0,2.5,0,2.5,2.32,0,0,0,0,0,0,0,0,0,0,0,0,0,0,0,0,0,0,0
30,พ้นสภาพนักศึกษา,สอบคัดเลือก-สมัครทางอินเทอร์เน็ต,ปวช.,2.98,วิทยาลัยเทคโนโลยีปทีปพลีผล,43,40,137,1.48,0,0,0,0,0,0,3.5,0,2.86,2.79,0,2.96,0,0,0,0,0,0,0,0,0,0,0,0,0,0
31,สำเร็จการศึกษา,สอบคัดเลือก-สมัครทางอินเทอร์เน็ต,มัธยมศึกษาตอนปลาย (ม.6),2.59,โรงเรียนเจ้าพระยาวิทยาคม,140,137,137,2.12,0,0,3.53,3.59,0,3.67,3.59,0,3.54,0,0,3.45,3.34,3.34,0,0,3.28,0,0,0,0,0,0,0,0,0
32,สำเร็จการศึกษา,สอบคัดเลือก-สมัครทางอินเทอร์เน็ต,มัธยมศึกษาตอนปลาย (ม.6),2.62,โรงเรียนวัดรางบัว,137,137,137,2.77,0,0,2.38,2.31,0,2.43,2.34,0,2.54,2.72,0,2.75,2.81,2.81,2.82,0,0,0,0,0,0,0,0,0,0,0
33,สำเร็จการศึกษา,สอบคัดเลือก-สมัครผ่าน สกอ.,มัธยมศึกษาตอนปลาย (ม.6),2.78,โรงเรียนสิริรัตนาธร,137,137,137,2.43,0,0,2.16,2.04,0,2.3,2.36,0,2.34,2.49,0,2.57,2.65,2.65,2.67,0,0,0,0,0,0,0,0,0,0,0
34,สำเร็จการศึกษา,สอบคัดเลือก-สมัครผ่าน สกอ.,มัธยมศึกษาตอนปลาย (ม.6),3.46,โรงเรียนราชินีบูรณะ,137,137,137,2.87,0,0,2.43,1.62,0,2.04,2.23,0,2.21,2.4,0,2.43,2.43,2.43,0,2.44,0,0,0,0,0,0,0,0,0,0
35,สำเร็จการศึกษา,สอบคัดเลือก-สมัครผ่าน สกอ.,มัธยมศึกษาตอนปลาย (ม.6),3.01,โรงเรียนศึกษานารีวิทยา,137,137,137,3.21,0,0,2.19,2.2,0,2.35,2.29,2.33,0,0,0,0,0,0,0,0,0,0,0,0,0,0,0,0,0,0
36,สำเร็จการศึกษา,โควตา-เรียนดี,ปวส.,3.42,วิทยาลัยพณิชยการบางนา,137,137,137,2.27,0,0,2.82,2.74,0,2.94,2.77,0,2.63,2.68,0,2.74,2.7,2.7,0,2.7,0,0,0,0,0,0,0,0,0,0
37,สำเร็จการศึกษา,โควตา-เรียนดี,ปวส.,3.06,วิทยาลัยอาชีวศึกษาฉะเชิงเทรา,140,137,137,2.37,2.59,2.32,2.44,0,0,0,2.52,0,2.57,2.71,0,2.79,2.83,2.83,0,0,0,0,0,0,0,0,0,0,0,0
38,สำเร็จการศึกษา,โควตา-เรียนดี,ปวส.,3.03,วิทยาลัยเทคโนโลยีอรรถวิทย์พณิชยการ,146,140,137,2.24,0,0,2.93,2.53,0,2.72,2.79,2.79,2.81,2.84,0,0,0,0,0,0,0,0,0,0,0,0,0,0,0,0
39,สำเร็จการศึกษา,โควตา-เรียนดี,ปวส.,3.46,วิทยาลัยอาชีวศึกษาพิษณุโลก,140,137,137,2.48,0,0,2.32,2.26,0,2.46,2.58,0,2.64,2.71,0,2.79,2.81,2.81,0,2.82,0,0,0,0,0,0,0,0,0,0
40,สำเร็จการศึกษา,โควตา-เรียนดี,ปวส.,3.24,วิทยาลัยพณิชยการบางนา,140,137,137,2.24,1.66,1.54,1.56,0,0,0,1.84,0,1.93,2.1,0,2.25,2.39,2.39,0,0,0,0,0,0,0,0,0,0,0,0
41,สำเร็จการศึกษา,โควตา-เรียนดี,ปวส.,3.93,วิทยาลัยเทคนิคปราจีนบุรี,137,137,137,3.43,2.31,1.89,1.98,2.11,0,2.12,2.15,2.15,2.12,0,0,0,0,0,0,0,0,0,0,0,0,0,0,0,0,0
42,สำเร็จการศึกษา,โควตา-เรียนดี,ปวส.,3.64,วิทยาลัยพณิชยการบางนา,140,137,137,2.79,2.26,2.38,2.44,2.48,0,2.52,2.62,0,2.59,2.55,2.55,0,0,0,0,0,0,0,0,0,0,0,0,0,0,0
43,สำเร็จการศึกษา,โควตา-เรียนดี,ปวส.,3.31,วิทยาลัยเทคโนโลยีศรีวิกรม์บริหารธุรกิจ,141,138,137,2.69,2.22,1.93,1.89,1.96,0,1.95,2.04,2.04,2.17,2.25,0,0,0,0,0,0,0,0,0,0,0,0,0,0,0,0
44,โอนย้ายคณะ/สาขาวิชา/ภาค,โควตา-เรียนดี,ปวส.,3.55,วิทยาลัยเทคโนโลยีอรรถวิทย์พณิชยการ,85,79,137,2.4,2.28,2.22,2.24,0,0,0,2.31,2.31,2.21,2.23,2.22,0,0,0,0,0,0,0,0,0,0,0,0,0,0,0
45,สำเร็จการศึกษา,โควตา-เรียนดี,ปวส.,3.65,วิทยาลัยพณิชยการบางนา,137,137,137,3.26,2,1.76,1.93,1.95,0,1.91,2.04,2.04,2.1,2.12,2.12,0,0,0,0,0,0,0,0,0,0,0,0,0,0,0
46,โอนย้ายคณะ/สาขาวิชา/ภาค,โควตา-เรียนดี,ปวส.,2.81,วิทยาลัยพณิชยการบางนา,97,76,137,1.63,0,1.5,2,2,0,2.08,2.32,2.32,2.38,0,0,0,0,0,0,0,0,0,0,0,0,0,0,0,0,0
47,สำเร็จการศึกษา,โควตา-เรียนดี,ปวส.,3.67,วิทยาลัยพณิชยการบางนา,140,137,137,3.18,2.66,2.84,2.96,2.95,0,2.96,3.05,3.05,3.01,3.01,3,0,0,0,0,0,0,0,0,0,0,0,0,0,0,0
48,สำเร็จการศึกษา,โควตา-เรียนดี,ปวส.,3.65,วิทยาลัยพณิชยการบางนา,137,137,137,3.33,2.19,2.16,2.3,2.16,0,2.13,2.18,2.18,2.17,2.23,0,0,0,0,0,0,0,0,0,0,0,0,0,0,0,0
49,สำเร็จการศึกษา,โควตา-เรียนดี,ปวส.,3.83,วิทยาลัยพณิชยการบางนา,137,137,137,3.63,2.5,2.19,2.33,2.29,0,2.26,2.32,2.32,2.36,2.37,2.37,0,0,0,0,0,0,0,0,0,0,0,0,0,0,0
50,สำเร็จการศึกษา,โควตา-เรียนดี,ปวส.,3.74,วิทยาลัยพณิชยการบางนา,137,137,137,3.55,2.22,2.1,2.04,1.96,0,2.02,2.09,2.09,2.26,2.36,0,0,0,0,0,0,0,0,0,0,0,0,0,0,0,0
51,สำเร็จการศึกษา,โควตา-เรียนดี,ปวส.,3.52,วิทยาลัยพณิชยการบางนา,140,137,137,3.2,1.63,1.65,1.61,1.74,0,0,0,0,1.91,1.94,1.94,0,0,0,0,0,0,0,0,0,0,0,0,0,0,0
52,สำเร็จการศึกษา,โควตา-เรียนดี,ปวส.,3.46,วิทยาลัยพณิชยการบางนา,140,137,137,2.78,2.34,2.16,2.15,1.86,0,0,0,0,0,0,0,0,0,0,0,0,0,0,0,0,0,0,0,0,0,0
53,สำเร็จการศึกษา,โควตา-เรียนดี,ปวส.,3.78,วิทยาลัยพณิชยการบางนา,137,137,137,3.25,2.27,2.35,2.63,2.61,0,2.69,2.83,2.83,2.82,2.85,0,0,0,0,0,0,0,0,0,0,0,0,0,0,0,0
54,สำเร็จการศึกษา,โควตา-เรียนดี,ปวส.,3.32,วิทยาลัยพณิชยการธนบุรี,143,137,137,2.37,2.42,2.65,2.55,2.56,0,2.61,2.64,0,0,0,0,0,0,0,0,0,0,0,0,0,0,0,0,0,0,0
55,สำเร็จการศึกษา,โควตา-เรียนดี,ปวส.,3.81,วิทยาลัยเทคโนโลยีอรรถวิทย์พณิชยการ,143,140,137,2.89,2.5,2.7,2.73,2.61,0,2.57,2.73,2.73,2.76,2.79,0,0,0,0,0,0,0,0,0,0,0,0,0,0,0,0
56,สำเร็จการศึกษา,โควตา-เรียนดี,ปวส.,3.7,วิทยาลัยพณิชยการบางนา,137,137,137,3.15,3.13,3.25,3.2,3.22,0,3.22,3.22,0,3.22,3.2,0,0,0,0,0,0,0,0,0,0,0,0,0,0,0,0
57,สำเร็จการศึกษา,โควตา-เรียนดี,ปวส.,3.24,วิทยาลัยพณิชยการบางนา,140,137,137,2.46,2.34,2.54,2.58,2.58,0,0,2.67,2.67,2.76,2.76,0,0,0,0,0,0,0,0,0,0,0,0,0,0,0,0
58,สำเร็จการศึกษา,โควตา-เรียนดี,ปวส.,2.79,วิทยาลัยพณิชยการบางนา,137,137,137,3.08,2.58,2.78,0,0,0,2.64,2.52,2.52,2.56,2.6,0,0,0,0,0,0,0,0,0,0,0,0,0,0,0,0
59,สำเร็จการศึกษา,โควตา-เรียนดี,ปวส.,3.02,วิทยาลัยเทคโนโลยีพณิชยการราชดำเนิน,143,137,137,2.45,2.97,2.91,2.86,2.59,0,2.45,2.49,2.49,2.46,2.51,0,0,0,0,0,0,0,0,0,0,0,0,0,0,0,0
60,สำเร็จการศึกษา,โควตา-เรียนดี,ปวส.,3.51,วิทยาลัยอาชีวศึกษาฉะเชิงเทรา,137,137,137,3.57,2.66,2.99,3.02,3.01,0,2.96,3.06,3.06,3.13,3.15,0,0,0,0,0,0,0,0,0,0,0,0,0,0,0,0
61,สำเร็จการศึกษา,โควตา-เรียนดี,ปวส.,3.17,วิทยาลัยพณิชยการเชตุพน,137,137,137,3.46,1.83,2.33,1.8,2.09,0,2.29,2.46,2.46,2.5,2.57,0,0,0,0,0,0,0,0,0,0,0,0,0,0,0,0
62,สำเร็จการศึกษา,โควตา-เครือข่าย,ปวส.,3.33,วิทยาลัยเทคโนโลยีสารสาสน์,140,137,137,2.2,2.8,2.94,2.77,2.79,0,2.84,2.87,2.87,2.95,2.98,0,0,0,0,0,0,0,0,0,0,0,0,0,0,0,0
63,โอนย้ายคณะ/สาขาวิชา/ภาค,สอบคัดเลือก-สมัครทางอินเทอร์เน็ต,ปวส.,2.6,โรงเรียนกรุงเทพการบัญชีวิทยาลัย,100,82,137,1.79,0,0,2.5,2.5,0,2.71,2.71,0,2.71,2.79,0,0,0,0,0,0,0,0,0,0,0,0,0,0,0,0
64,สำเร็จการศึกษา,สอบคัดเลือก-สมัครทางอินเทอร์เน็ต,ปวส.,3.62,วิทยาลัยพณิชยการบางนา,140,137,137,2.85,0,0,1.71,1.86,0,2.31,0,0,0,2.4,0,2.58,2.58,2.58,0,2.58,0,0,0,0,0,0,0,0,0,0
65,สำเร็จการศึกษา,สอบคัดเลือก-สมัครทางอินเทอร์เน็ต,ปวส.,2.51,วิทยาลัยพณิชยการเชตุพน,137,137,137,2.89,0,0,2.75,2.12,2.22,2.26,2.24,0,0,0,0,0,0,0,0,0,0,0,0,0,0,0,0,0,0,0
66,สำเร็จการศึกษา,สอบคัดเลือก-สมัครทางอินเทอร์เน็ต,ปวส.,2.35,วิทยาลัยพณิชยการเชตุพน,137,137,137,2.69,0,0,2.17,1.97,0,2.05,2.3,2.25,0,2.29,0,0,0,0,0,0,0,0,0,0,0,0,0,0,0,0
67,สำเร็จการศึกษา,สอบคัดเลือก-สมัครทางอินเทอร์เน็ต,ปวส.,2.73,วิทยาลัยพณิชยการเชตุพน,137,137,137,2.63,0,0,1.75,1.65,1.7,1.88,0,0,1.96,1.95,1.95,0,1.99,0,0,0,0,0,0,0,0,0,0,0,0,0
68,สำเร็จการศึกษา,สอบคัดเลือก-สมัครทางอินเทอร์เน็ต,ปวส.,3.19,วิทยาลัยอาชีวศึกษาดุสิตพณิชยการ,140,137,137,2.57,0,0,2.75,2.78,3.02,2.91,2.81,2.82,2.76,2.69,0,2.72,0,0,0,0,0,0,0,0,0,0,0,0,0,0
69,สำเร็จการศึกษา,สอบคัดเลือก-สมัครทางอินเทอร์เน็ต,ปวส.,2.64,วิทยาลัยพณิชยการเชตุพน,140,137,137,2.65,0,0,1.67,1.65,1.7,1.84,2.05,2.06,2.08,0,0,0,0,0,0,0,0,0,0,0,0,0,0,0,0,0
70,พ้นสภาพนักศึกษา,สอบคัดเลือก-สมัครทางอินเทอร์เน็ต,ปวส.,2.2,วิทยาลัยเทคโนโลยีศรีวิกรม์บริหารธุรกิจ,89,68,137,1.45,0,0,0,0,0,3,2.83,2.8,2.71,2.65,0,0,0,0,0,0,0,0,0,0,0,0,0,0,0,0
71,สำเร็จการศึกษา,สอบคัดเลือก-สมัครทางอินเทอร์เน็ต,ปวส.,2.88,วิทยาลัยเทคโนโลยีศรีวิกรม์บริหารธุรกิจ,141,138,137,2.43,0,0,2.25,2.31,2.32,2.5,2.54,2.6,0,0,0,0,0,0,0,0,0,0,0,0,0,0,0,0,0,0
72,โอนย้ายคณะ/สาขาวิชา/ภาค,สอบคัดเลือก-สมัครทางอินเทอร์เน็ต,ปวส.,3.88,วิทยาลัยเทคโนโลยีอรรถวิทย์พณิชยการ,85,79,137,2.54,0,0,1.5,1.36,0,0,0,0,0,0,0,0,0,0,0,0,0,0,0,0,0,0,0,0,0,0
73,สำเร็จการศึกษา,สอบคัดเลือก-สมัครทางอินเทอร์เน็ต,ปวส.,2.81,วิทยาลัยเทคโนโลยีตั้งตรงจิตรบริหารธุรกิจ,137,137,137,3.03,0,0,2.92,2.73,2.7,2.7,2.8,2.79,0,2.78,0,0,0,0,0,0,0,0,0,0,0,0,0,0,0,0
74,สำเร็จการศึกษา,สอบคัดเลือก-สมัครทางอินเทอร์เน็ต,ปวส.,2.59,วิทยาลัยพณิชยการเชตุพน,140,137,137,2.91,0,0,2.1,1.93,1.91,1.98,2.16,2.15,2.09,2.05,0,2.1,0,0,0,0,0,0,0,0,0,0,0,0,0,0
75,สำเร็จการศึกษา,สอบคัดเลือก-สมัครทางอินเทอร์เน็ต,ปวส.,2.5,วิทยาลัยพณิชยการเชตุพน,137,137,137,3.08,0,0,1.92,2.35,2.34,2.39,2.43,2.38,2.38,0,2.37,0,0,0,0,0,0,0,0,0,0,0,0,0,0,0
76,โอนย้ายคณะ/สาขาวิชา/ภาค,,,,โรงเรียน -,19,19,137,3.92,0,0,2.2,0,0,0,0,0,0,0,0,0,0,0,0,0,0,0,0,0,0,0,0,0,0,0
77,สำเร็จการศึกษา,โควตา-เรียนดี,ปวช.,3.7,โรงเรียนเทคโนโลยีบริหารธุรกิจรักไทย บึงกาฬ,146,137,137,2.54,0,0,2.25,2.23,2.14,2.06,2.02,2.02,1.92,0,0,0,0,0,0,0,0,0,0,0,0,0,0,0,0,0
78,สำเร็จการศึกษา,โควตา-เรียนดี,ปวช.,2.96,โรงเรียนปัญญาวรคุณ,140,140,137,3.01,0,0,3.75,3.62,3.67,3.33,3.14,3.12,3.01,0,0,0,0,0,0,0,0,0,0,0,0,0,0,0,0,0
79,สำเร็จการศึกษา,โควตา-เรียนดี,ปวช.,3.85,ศูนย์การเรียนปัญญาภิวัฒน์-คลองสาน,140,137,137,3.04,0,0,3.3,2.94,3,3.12,3.2,3.22,3.26,0,0,0,0,0,0,0,0,0,0,0,0,0,0,0,0,0
80,สำเร็จการศึกษา,โควตา-เรียนดี,มัธยมศึกษาตอนปลาย (ม.6),3.05,โรงเรียนปทุมคงคา,140,137,137,2.86,0,0,3.42,3.19,3.2,0,3.24,3.08,2.82,2.85,0,0,2.67,0,0,0,0,0,0,0,0,0,0,0,0,0
81,สำเร็จการศึกษา,โควตา-เรียนดี,ปวช.,3.44,วิทยาลัยเทคโนโลยีศรีวิกรม์บริหารธุรกิจ,137,137,137,2.63,0,0,1.92,1.97,2.01,2.16,2.39,2.45,0,0,0,0,0,0,0,0,0,0,0,0,0,0,0,0,0,0
82,ถอนชื่อออกจากทะเบียนนักศึกษา,โควตา-เรียนดี,ปวช.,3.07,วิทยาลัยเทคโนโลยีศรีวิกรม์บริหารธุรกิจ,19,16,137,1.6,0,0,0,0,0,2.33,2.33,0,0,0,0,0,0,0,0,0,0,0,0,0,0,0,0,0,0,0
83,ลาออก,โควตา-เรียนดี,ปวช.,3.6,วิทยาลัยเทคโนโลยีสยาม (สยามเทค),19,0,137,0,0,0,0,0,0,0,2.5,0,0,0,0,0,0,0,0,0,0,0,0,0,0,0,0,0,0,0
84,ถอนชื่อออกจากทะเบียนนักศึกษา,สอบคัดเลือก-สมัครทางอินเทอร์เน็ต,มัธยมศึกษาตอนปลาย (ม.6),2.13,โรงเรียนพระแม่มารี,19,0,137,0,0,0,0,0,0,0,0,0,0,0,0,0,0,0,0,0,0,0,0,0,0,0,0,0,0,0
85,สำเร็จการศึกษา,สอบคัดเลือก-สมัครทางอินเทอร์เน็ต,มัธยมศึกษาตอนปลาย (ม.6),2.61,โรงเรียนรัตนราษฎร์บำรุง,137,137,137,2.74,2.42,2.69,2.7,2.73,2.81,2.79,0,0,0,0,0,0,0,0,0,0,0,0,0,0,0,0,0,0,0,0
86,ถอนชื่อออกจากทะเบียนนักศึกษา,สอบคัดเลือก-สมัครทางอินเทอร์เน็ต,มัธยมศึกษาตอนปลาย (ม.6),2.08,โรงเรียนนนทรีวิทยา,19,10,137,0.76,0,0,0,0,0,0,0,0,0,0,0,0,0,0,0,0,0,0,0,0,0,0,0,0,0,0
87,สำเร็จการศึกษา,สอบคัดเลือก-สมัครทางอินเทอร์เน็ต,ปวช.,2.43,วิทยาลัยพณิชยการเชตุพน,137,137,137,2.76,0,0,3.33,3.12,3,2.89,2.89,2.88,2.82,0,0,0,0,0,0,0,0,0,0,0,0,0,0,0,0,0
88,ถอนชื่อออกจากทะเบียนนักศึกษา,สอบคัดเลือก-สมัครทางอินเทอร์เน็ต,เทียบเท่า ม.6 (กศน.),,ศูนย์การศึกษานอกระบบและการศึกษาตามอัธยาศัยเขตจอมทอง,19,0,137,0,0,0,2.5,0,0,0,0,0,0,0,0,0,0,0,0,0,0,0,0,0,0,0,0,0,0,0
89,พ้นสภาพนักศึกษา,สอบคัดเลือก-สมัครทางอินเทอร์เน็ต,ปวช.,2.77,วิทยาลัยเทคโนโลยีฐานเทคโนโลยี,34,25,137,1.01,0,0,2,2.55,2.5,0,0,0,0,0,0,0,0,0,0,0,0,0,0,0,0,0,0,0,0,0
90,สำเร็จการศึกษา,สอบคัดเลือก-สมัครทางอินเทอร์เน็ต,มัธยมศึกษาตอนปลาย (ม.6),2.25,โรงเรียนราชประชาสมาสัย ฝ่ายมัธยม รัชดาภิเษก ในพระบรมราชูปถัมภ์,140,137,137,2.5,0,0,2.67,2.74,2.74,2.78,2.74,2.73,2.73,0,2.7,0,0,0,0,0,0,0,0,0,0,0,0,0,0,0
91,สำเร็จการศึกษา,สอบคัดเลือก-สมัครทางอินเทอร์เน็ต,มัธยมศึกษาตอนปลาย (ม.6),2.52,โรงเรียนวัดราชโอรส,152,137,137,2.14,0,0,2,2.34,0,2.45,2.55,2.62,2.61,0,0,0,0,0,0,0,0,0,0,0,0,0,0,0,0,0
92,โอนย้ายคณะ/สาขาวิชา/ภาค,สอบคัดเลือก-สมัครทางอินเทอร์เน็ต,มัธยมศึกษาตอนปลาย (ม.6),2.65,โรงเรียนจุฑารัตน์วิทยา,52,46,137,2.25,0,0,2.92,2.5,0,0,0,0,0,0,0,0,0,0,0,0,0,0,0,0,0,0,0,0,0,0
93,สำเร็จการศึกษา,สอบคัดเลือก-สมัครทางอินเทอร์เน็ต,ปวช.,3.01,วิทยาลัยเทคโนโลยีสุวรรณภูมิบริหารธุรกิจ,137,137,137,2.64,0,0,3.25,3,2.88,2.8,2.67,2.67,2.67,0,2.64,0,0,0,0,0,0,0,0,0,0,0,0,0,0,0
94,พ้นสภาพนักศึกษา,สอบคัดเลือก-สมัครทางอินเทอร์เน็ต,ปวช.,2.3,วิทยาลัยเทคโนโลยีฐานเทคโนโลยี,34,31,137,1.47,0,0,0,3.5,2.88,2.95,2.91,0,0,0,0,0,0,0,0,0,0,0,0,0,0,0,0,0,0,0
95,พ้นสภาพนักศึกษา,สอบคัดเลือก-สมัครทางอินเทอร์เน็ต,ปวช.,3.16,โรงเรียนฐานเทคโนโลยี,91,79,137,1.62,0,0,0,0,0,0,1.39,1.5,0,1.64,0,0,0,0,0,0,0,0,0,0,0,0,0,0,0,0
96,พ้นสภาพนักศึกษา,สอบคัดเลือก-สมัครทางอินเทอร์เน็ต,ปวช.,2.27,วิทยาลัยเทคโนโลยีศรีวิกรม์บริหารธุรกิจ,40,13,137,0.55,0,0,1.7,0,0,0,0,0,0,0,0,0,0,0,0,0,0,0,0,0,0,0,0,0,0,0
97,โอนย้ายคณะ/สาขาวิชา/ภาค,สอบคัดเลือก-สมัครทางอินเทอร์เน็ต,มัธยมศึกษาตอนปลาย (ม.6),2.5,โรงเรียนไตรมิตรวิทยาลัย,49,43,137,1.9,0,0,1,1.93,2.06,2.03,0,0,0,0,0,0,0,0,0,0,0,0,0,0,0,0,0,0,0,0
98,โอนย้ายคณะ/สาขาวิชา/ภาค,สอบคัดเลือก-สมัครทางอินเทอร์เน็ต,มัธยมศึกษาตอนปลาย (ม.6),2.57,โรงเรียนบางปะกอกวิทยาคม,52,52,137,2.17,0,0,0,0,0,0,2.42,2.43,2.25,2.05,2.21,0,0,0,0,0,0,0,0,0,0,0,0,0,0,0
99,ถอนชื่อออกจากทะเบียนนักศึกษา,สอบคัดเลือก-สมัครทางอินเทอร์เน็ต,มัธยมศึกษาตอนปลาย (ม.6),2.62,โรงเรียนวัดราชโอรส,19,0,137,0,0,0,0,0,0,0,0,0,0,0,0,0,0,0,0,0,0,0,0,0,0,0,0,0,0,0
100,สำเร็จการศึกษา,สอบคัดเลือก-สมัครทางอินเทอร์เน็ต,ปวช.,3.06,วิทยาลัยเทคโนโลยีไทยบริหารธุรกิจ,140,137,137,2.86,0,0,1.67,2.24,2.29,2.32,2.43,0,2.42,2.33,2.34,0,0,0,0,0,0,0,0,0,0,0,0,0,0,0
101,ถอนชื่อออกจากทะเบียนนักศึกษา,สอบคัดเลือก-สมัครทางอินเทอร์เน็ต,มัธยมศึกษาตอนปลาย (ม.6),2.49,โรงเรียนนนทรีวิทยา,19,0,137,0,3.25,0,0,0,0,0,0,0,0,0,0,0,0,0,0,0,0,0,0,0,0,0,0,0,0,0
102,สำเร็จการศึกษา,สอบคัดเลือก-สมัครทางอินเทอร์เน็ต,มัธยมศึกษาตอนปลาย (ม.6),3.23,โรงเรียนสิริรัตนาธร,140,137,137,3.01,1.92,2.77,2.95,2.96,3,2.98,0,0,0,0,0,0,0,0,0,0,0,0,0,0,0,0,0,0,0,0
103,สำเร็จการศึกษา,สอบคัดเลือก-สมัครทางอินเทอร์เน็ต,ปวช.,3.19,วิทยาลัยเทคโนโลยีสารสาสน์กนกอนุสรณ์,137,137,137,2.85,2.17,2.38,2.27,2.4,2.45,2.38,0,0,0,0,0,0,0,0,0,0,0,0,0,0,0,0,0,0,0,0
104,สำเร็จการศึกษา,รับตรง-สอบคัดเลือกกับคณะ,มัธยมศึกษาตอนปลาย (ม.6),2.36,โรงเรียนทวีธาภิเศก,137,137,137,2.6,0,2.58,2.42,2.47,2.6,2.54,2.53,0,0,0,0,0,0,0,0,0,0,0,0,0,0,0,0,0,0,0
105,โอนย้ายคณะ/สาขาวิชา/ภาค,รับตรง-สอบคัดเลือกกับคณะ,มัธยมศึกษาตอนปลาย (ม.6),2.41,โรงเรียนดอนเมืองทหารอากาศบำรุง,46,43,137,2.13,1.58,2.27,2.2,0,0,0,0,0,0,0,0,0,0,0,0,0,0,0,0,0,0,0,0,0,0,0
106,สำเร็จการศึกษา,รับตรง-สอบคัดเลือกกับคณะ,มัธยมศึกษาตอนปลาย (ม.6),3.31,โรงเรียนทวีธาภิเศก,137,137,137,3.5,3.25,3.42,3.17,2.96,2.94,2.79,0,0,0,0,0,0,0,0,0,0,0,0,0,0,0,0,0,0,0,0
107,สำเร็จการศึกษา,รับตรง-สอบคัดเลือกกับคณะ,มัธยมศึกษาตอนปลาย (ม.6),1.66,โรงเรียนธนบุรีวรเทพีพลารักษ์,137,137,137,2.55,2.25,2.46,2.62,2.83,2.91,2.94,0,0,0,0,0,0,0,0,0,0,0,0,0,0,0,0,0,0,0,0
108,พ้นสภาพนักศึกษา,รับตรง-สอบคัดเลือกกับคณะ,ปวช.,2.42,วิทยาลัยเทคโนโลยีอรรถวิทย์พณิชยการ,34,28,137,1.47,0,0,3.5,2.75,2.77,0,0,0,0,0,0,0,0,0,0,0,0,0,0,0,0,0,0,0,0,0
109,สำเร็จการศึกษา,รับตรง-สอบคัดเลือกกับคณะ,มัธยมศึกษาตอนปลาย (ม.6),2.96,โรงเรียนนนทรีวิทยา,140,140,137,3.01,2.25,2.4,0,0,2.58,2.73,0,2.71,0,0,0,0,0,0,0,0,0,0,0,0,0,0,0,0,0,0
110,สำเร็จการศึกษา,รับตรง-สอบคัดเลือกกับคณะ,มัธยมศึกษาตอนปลาย (ม.6),2.82,โรงเรียนจันทร์ประดิษฐารามวิทยาคม,146,137,137,2.63,2.5,3.04,3.17,3.15,3.21,3.17,0,0,0,0,0,0,0,0,0,0,0,0,0,0,0,0,0,0,0,0
111,พ้นสภาพนักศึกษา,รับตรง-สอบคัดเลือกกับคณะ,มัธยมศึกษาตอนปลาย (ม.6),1.97,โรงเรียนรัตนโกสินทร์สมโภชบางขุนเทียน,34,28,137,1.23,1.5,1.61,0,0,0,0,0,0,0,0,0,0,0,0,0,0,0,0,0,0,0,0,0,0,0,0
112,ถอนชื่อออกจากทะเบียนนักศึกษา,รับตรง-สอบคัดเลือกกับคณะ,ปวช.,2.88,วิทยาลัยเกษตรและเทคโนโลยีชัยภูมิ,34,28,137,1.55,0,2.5,0,0,0,0,0,0,0,0,0,0,0,0,0,0,0,0,0,0,0,0,0,0,0,0
113,สำเร็จการศึกษา,รับตรง-สอบคัดเลือกกับคณะ,มัธยมศึกษาตอนปลาย (ม.6),3.46,โรงเรียนสตรีศรีสุริโยทัย,137,137,137,3.51,3.5,3.69,3.62,3.61,3.64,3.63,0,0,0,0,0,0,0,0,0,0,0,0,0,0,0,0,0,0,0,0
114,สำเร็จการศึกษา,รับตรง-สอบคัดเลือกกับคณะ,มัธยมศึกษาตอนปลาย (ม.6),2.57,โรงเรียนเทพศิรินทร์ สมุทรปราการ,140,137,137,2.63,3.33,3.54,3.55,3.57,3.6,3.55,0,0,0,0,0,0,0,0,0,0,0,0,0,0,0,0,0,0,0,0
115,ถอนชื่อออกจากทะเบียนนักศึกษา,รับตรง-สอบคัดเลือกกับคณะ,ปวช.,3.47,วิทยาลัยเทคนิคสัตหีบ,19,0,137,0,2,0,0,0,0,0,0,0,0,0,0,0,0,0,0,0,0,0,0,0,0,0,0,0,0,0
116,สำเร็จการศึกษา,รับตรง-สอบคัดเลือกกับคณะ,ปวช.,3.12,วิทยาลัยเทคโนโลยีสารสาสน์กนกอนุสรณ์,140,137,137,2.55,2.83,2.88,2.73,2.81,2.88,2.87,0,0,0,0,0,0,0,0,0,0,0,0,0,0,0,0,0,0,0,0
117,ถอนชื่อออกจากทะเบียนนักศึกษา,รับตรง-สอบคัดเลือกกับคณะ,มัธยมศึกษาตอนปลาย (ม.6),2.13,โรงเรียนวัดสุทธิวราราม,19,0,137,0,3.17,3.08,0,0,0,0,0,0,0,0,0,0,0,0,0,0,0,0,0,0,0,0,0,0,0,0
118,ถอนชื่อออกจากทะเบียนนักศึกษา,สอบคัดเลือก-สมัครทางอินเทอร์เน็ต,มัธยมศึกษาตอนปลาย (ม.6),2.27,โรงเรียนเตรียมอุดมศึกษาพัฒนาการ,70,52,137,2.05,0,3.75,3.45,3.25,3.33,3.29,0,0,0,0,0,0,0,0,0,0,0,0,0,0,0,0,0,0,0,0
119,พ้นสภาพนักศึกษา,รับตรง-สอบคัดเลือกกับคณะ,ปวช.,2.68,วิทยาลัยเทคโนโลยีศรีวัฒนาบริหารธุรกิจ,49,31,137,1.45,1.5,0,0,0,0,0,0,0,0,0,0,0,0,0,0,0,0,0,0,0,0,0,0,0,0,0
120,สำเร็จการศึกษา,โควตา-เรียนดี,ปวส.,3.98,วิทยาลัยพณิชยการบางนา,137,137,137,3.72,2.17,2.24,2.27,2.32,2.36,2.43,2.43,0,0,0,0,0,0,0,0,0,0,0,0,0,0,0,0,0,0,0
121,สำเร็จการศึกษา,โควตา-เรียนดี,ปวส.,3.22,วิทยาลัยเทคโนโลยีตั้งตรงจิตรบริหารธุรกิจ,140,137,137,2.93,2.75,2.95,3.07,2.91,2.92,2.92,0,2.93,0,0,0,0,0,0,0,0,0,0,0,0,0,0,0,0,0,0
122,สำเร็จการศึกษา,โควตา-เรียนดี,ปวส.,2.94,วิทยาลัยเทคโนโลยีพณิชการเจ้าพระยา,140,137,137,2.05,2.58,2.96,3,3,3.05,3.03,0,0,0,0,0,0,0,0,0,0,0,0,0,0,0,0,0,0,0,0
123,สำเร็จการศึกษา,โควตา-เรียนดี,ปวส.,3.77,วิทยาลัยพณิชยการบางนา,137,137,137,3.26,2.33,2.73,2.62,2.62,2.63,2.57,0,0,0,0,0,0,0,0,0,0,0,0,0,0,0,0,0,0,0,0
124,สำเร็จการศึกษา,โควตา-เรียนดี,ปวส.,3.44,วิทยาลัยพณิชยการบางนา,137,137,137,2.51,2.25,2.85,2.95,2.96,2.98,2.98,0,0,0,0,0,0,0,0,0,0,0,0,0,0,0,0,0,0,0,0
125,สำเร็จการศึกษา,โควตา-เรียนดี,ปวส.,2.87,วิทยาลัยพณิชยการเชตุพน,143,137,137,2.41,3.17,2.71,2.81,2.81,2.84,2.79,2.71,0,0,0,0,0,0,0,0,0,0,0,0,0,0,0,0,0,0,0
126,ถอนชื่อออกจากทะเบียนนักศึกษา,โควตา-เรียนดี,ปวส.,3.69,วิทยาลัยเทคโนโลยีมิตรพลบริหารธุรกิจ,69,51,137,0,0,3.58,3.73,3.67,3.72,0,0,0,0,0,0,0,0,0,0,0,0,0,0,0,0,0,0,0,0,0
127,สำเร็จการศึกษา,โควตา-เรียนดี,ปวส.,3.47,วิทยาลัยพณิชยการบางนา,137,137,137,2.43,3.42,3.46,3.48,3.44,0,3.43,0,0,0,0,0,0,0,0,0,0,0,0,0,0,0,0,0,0,0,0
128,สำเร็จการศึกษา,โควตา-เรียนดี,ปวส.,3.1,วิทยาลัยเทคโนโลยีดาราสมุทรบริหารธุรกิจ,140,137,137,2.33,2,2.05,2.11,2.17,2.22,2.28,0,0,0,0,0,0,0,0,0,0,0,0,0,0,0,0,0,0,0,0
129,สำเร็จการศึกษา,โควตา-เรียนดี,ปวส.,3.75,วิทยาลัยเทคโนโลยีภาคตะวันออก (อี.เทค) ชลบุรี,140,137,137,3.14,2.58,3.12,3.2,3.17,3.21,3.09,3.07,0,0,0,0,0,0,0,0,0,0,0,0,0,0,0,0,0,0,0
130,สำเร็จการศึกษา,โควตา-เรียนดี,ปวส.,3.72,วิทยาลัยพณิชยการบางนา,137,137,137,3.08,1.36,1.79,0,0,0,1.96,0,0,0,0,0,0,0,0,0,0,0,0,0,0,0,0,0,0,0,0
131,สำเร็จการศึกษา,โควตา-เรียนดี,ปวส.,3.76,วิทยาลัยพณิชยการบางนา,137,137,137,3.75,2.5,2.73,2.7,2.79,2.86,2.87,0,0,0,0,0,0,0,0,0,0,0,0,0,0,0,0,0,0,0,0
132,สำเร็จการศึกษา,โควตา-เรียนดี,ปวส.,3.41,วิทยาลัยพณิชยการบางนา,137,137,137,3.05,3,2.82,2.81,2.74,2.88,2.94,0,0,0,0,0,0,0,0,0,0,0,0,0,0,0,0,0,0,0,0
133,สำเร็จการศึกษา,โควตา-เรียนดี,ปวส.,3.47,วิทยาลัยพณิชยการบางนา,140,137,137,2.56,2.17,2.38,2.58,2.6,2.65,2.69,0,0,0,0,0,0,0,0,0,0,0,0,0,0,0,0,0,0,0,0
134,สำเร็จการศึกษา,โควตา-เรียนดี,ปวส.,3.23,วิทยาลัยพณิชยการบางนา,140,137,137,3.37,2.5,2.42,2.5,2.54,2.59,2.63,0,0,0,0,0,0,0,0,0,0,0,0,0,0,0,0,0,0,0,0
135,สำเร็จการศึกษา,โควตา-เรียนดี,ปวส.,3.04,วิทยาลัยเทคโนโลยีตั้งตรงจิตรบริหารธุรกิจ,140,137,137,2.44,2,2.28,2.5,2.59,2.62,2.57,0,0,0,0,0,0,0,0,0,0,0,0,0,0,0,0,0,0,0,0
136,สำเร็จการศึกษา,โควตา-เรียนดี,ปวส.,3.06,วิทยาลัยพณิชยการบางนา,140,137,137,2.61,1.42,2.12,2.35,2.34,2.37,2.38,0,0,0,0,0,0,0,0,0,0,0,0,0,0,0,0,0,0,0,0
137,สำเร็จการศึกษา,โควตา-เรียนดี,ปวส.,3.27,วิทยาลัยเทคโนโลยีตั้งตรงจิตรบริหารธุรกิจ,140,137,137,2.29,2.17,2.41,0,0,0,0,0,0,0,0,0,0,0,0,0,0,0,0,0,0,0,0,0,0,0,0
138,ถอนชื่อออกจากทะเบียนนักศึกษา,โควตา-เรียนดี,ปวส.,,วิทยาลัยเทคโนโลยีตั้งตรงจิตรบริหารธุรกิจ,21,6,137,0,2.38,0,0,0,0,0,0,0,0,0,0,0,0,0,0,0,0,0,0,0,0,0,0,0,0,0
139,ถอนชื่อออกจากทะเบียนนักศึกษา,โควตา-เรียนดี,ปวส.,3.17,วิทยาลัยพณิชยการบางนา,128,122,137,2.07,3,2.72,2.84,2.95,3,3,0,0,0,0,0,0,0,0,0,0,0,0,0,0,0,0,0,0,0,0
140,สำเร็จการศึกษา,โควตา-เรียนดี,ปวส.,3.53,วิทยาลัยพณิชยการบางนา,137,137,137,2.75,2.67,2.92,3.03,3.02,3.06,3.03,0,0,0,0,0,0,0,0,0,0,0,0,0,0,0,0,0,0,0,0
141,สำเร็จการศึกษา,โควตา-เรียนดี,ปวส.,3.34,วิทยาลัยพณิชยการบางนา,140,137,137,2.27,3,3.09,3.08,3.02,3.09,3.11,0,0,0,0,0,0,0,0,0,0,0,0,0,0,0,0,0,0,0,0
142,สำเร็จการศึกษา,โควตา-เรียนดี,ปวส.,3.42,วิทยาลัยเทคโนโลยีตั้งตรงจิตรพณิชยการ,140,137,137,3.34,0,0,3,2.96,3.03,3.11,3.15,3.16,3.17,3.15,0,0,0,0,0,0,0,0,0,0,0,0,0,0,0,0
143,สำเร็จการศึกษา,โควตา-เรียนดี,ปวส.,3.19,วิทยาลัยเทคโนโลยีภาคตะวันออก (อี.เทค) ชลบุรี,140,137,137,2.57,0,0,3.75,3.46,3.33,3.29,3.17,3.17,0,0,0,0,0,0,0,0,0,0,0,0,0,0,0,0,0,0
144,สำเร็จการศึกษา,โควตา-เรียนดี,ปวส.,3.2,วิทยาลัยเทคโนโลยีตั้งตรงจิตรบริหารธุรกิจ,140,137,137,2.57,0,0,2.83,3.35,3.47,3.57,3.57,3.57,0,0,0,0,0,0,0,0,0,0,0,0,0,0,0,0,0,0
145,สำเร็จการศึกษา,โควตา-เรียนดี,ปวส.,3.81,วิทยาลัยเทคโนโลยีมิตรพลบริหารธุรกิจ,137,137,137,2.78,0,0,3.3,2.67,2.63,2.6,2.67,2.7,0,2.69,0,0,0,0,0,0,0,0,0,0,0,0,0,0,0,0
146,โอนย้ายคณะ/สาขาวิชา/ภาค,โควตา-เรียนดี,ปวส.,3.54,วิทยาลัยอาชีวศึกษาเอี่ยมละออ,76,76,137,2.33,0,0,3.75,3.39,3.46,3.36,3.46,3.42,0,3.36,0,0,0,0,0,0,0,0,0,0,0,0,0,0,0,0
147,สำเร็จการศึกษา,โควตา-เรียนดี,ปวส.,3.65,วิทยาลัยเทคโนโลยีตั้งตรงจิตรบริหารธุรกิจ,140,137,137,2.42,0,0,2.67,2.61,2.53,2.43,2.44,2.44,2.44,0,2.45,0,0,0,0,0,0,0,0,0,0,0,0,0,0,0
148,สำเร็จการศึกษา,โควตา-เรียนดี,ปวส.,3.26,วิทยาลัยพณิชยการเชตุพน,140,137,137,2.96,0,0,2.08,2.35,2.3,2.31,2.3,2.31,2.31,0,2.3,0,0,0,0,0,0,0,0,0,0,0,0,0,0,0
149,ถอนชื่อออกจากทะเบียนนักศึกษา,โควตา-เรียนดี,ปวส.,3.04,วิทยาลัยอาชีวศึกษาเอี่ยมละออ,57,42,137,0,0,0,0,0,0,0,0,0,0,0,0,0,0,0,0,0,0,0,0,0,0,0,0,0,0,0
150,สำเร็จการศึกษา,โควตา-เรียนดี,ปวส.,3.35,วิทยาลัยเทคนิคยโสธร,141,138,137,2.04,0,0,2.92,2.81,2.83,2.73,2.79,0,0,2.75,0,0,0,0,0,0,0,0,0,0,0,0,0,0,0,0
151,เสียชีวิต,สอบคัดเลือก-สมัครทางอินเทอร์เน็ต,ปวส.,2.98,วิทยาลัยเทคโนโลยีสารสาสน์กนกอนุสรณ์,128,128,137,2.19,0,0,2.1,2.04,2,2,2.25,2.26,2.26,0,2.23,0,0,0,0,0,0,0,0,0,0,0,0,0,0,0
152,สำเร็จการศึกษา,สอบคัดเลือก-สมัครทางอินเทอร์เน็ต,ปวส.,2.63,โรงเรียนกรุงเทพการบัญชีวิทยาลัย,140,137,137,2,0,0,3.42,3.33,3.41,3.51,3.41,3.39,3.39,0,3.34,0,0,0,0,0,0,0,0,0,0,0,0,0,0,0
153,โอนย้ายคณะ/สาขาวิชา/ภาค,สอบคัดเลือก-สมัครทางอินเทอร์เน็ต,ปวส.,3.11,วิทยาลัยอาชีวศึกษาเอี่ยมละออ,76,76,137,2.14,0,0,2.58,2.58,2.53,2.43,2.43,0,0,0,0,0,0,0,0,0,0,0,0,0,0,0,0,0,0,0
154,สำเร็จการศึกษา,สอบคัดเลือก-สมัครทางอินเทอร์เน็ต,ปวส.,3.02,วิทยาลัยอาชีวศึกษามหาสารคาม,140,137,137,2.87,0,0,2.67,2.27,2.17,2.14,2.3,2.3,0,2.28,0,0,0,0,0,0,0,0,0,0,0,0,0,0,0,0
155,สำเร็จการศึกษา,สอบคัดเลือก-สมัครทางอินเทอร์เน็ต,ปวส.,2.18,วิทยาลัยเทคโนโลยีบริหารธุรกิจสมุทรปราการ,149,137,137,2.17,0,0,3.58,3.69,3.69,3.73,3.78,3.73,0,3.58,0,0,0,0,0,0,0,0,0,0,0,0,0,0,0,0
156,สำเร็จการศึกษา,สอบคัดเลือก-สมัครทางอินเทอร์เน็ต,ปวส.,2.66,วิทยาลัยพณิชยการบางนา,137,137,137,2.82,0,0,2.67,2.88,2.92,2.97,2.95,2.99,2.96,0,0,0,0,0,0,0,0,0,0,0,0,0,0,0,0,0
157,สำเร็จการศึกษา,สอบคัดเลือก-สมัครทางอินเทอร์เน็ต,ปวส.,2.74,วิทยาลัยอาชีวศึกษาเอี่ยมละออ,137,137,137,2.06,0,0,1.42,1.84,1.86,1.82,1.9,1.89,1.95,1.95,1.97,0,0,0,0,0,0,0,0,0,0,0,0,0,0,0
158,สำเร็จการศึกษา,สอบคัดเลือก-สมัครทางอินเทอร์เน็ต,ปวส.,3.6,วิทยาลัยเทคโนโลยีมิตรพลบริหารธุรกิจ,137,137,137,2.81,0,0,3.08,3.15,3.12,3.14,3.21,0,0,3.08,0,0,0,3.09,0,0,0,0,0,0,0,0,0,0,0,0
159,สำเร็จการศึกษา,สอบคัดเลือก-สมัครทางอินเทอร์เน็ต,ปวส.,2.85,วิทยาลัยเทคโนโลยีสารสาสน์กนกอนุสรณ์,143,137,137,2.07,0,0,2.25,2.12,2.2,2.24,2.35,2.41,0,0,0,0,0,0,0,0,0,0,0,0,0,0,0,0,0,0
160,สำเร็จการศึกษา,สอบคัดเลือก-สมัครทางอินเทอร์เน็ต,ปวส.,3.31,วิทยาลัยเทคโนโลยีบริหารธุรกิจสมุทรปราการ,137,137,137,2.6,0,0,1.58,0,0,0,0,1.86,1.86,0,1.86,0,2,0,0,0,0,0,0,0,0,0,0,0,0,0
161,พ้นสภาพนักศึกษา,สอบคัดเลือก-สมัครทางอินเทอร์เน็ต,ปวส.,2.93,วิทยาลัยเทคโนโลยีสารสาสน์กนกอนุสรณ์,97,82,137,1.36,0,0,2,2.22,2.23,2.33,2.46,2.46,2.44,0,0,0,0,0,0,0,0,0,0,0,0,0,0,0,0,0
162,สำเร็จการศึกษา,สอบคัดเลือก-สมัครทางอินเทอร์เน็ต,ปวส.,3.13,วิทยาลัยพณิชยการบางนา,140,137,137,2.81,1.83,1.93,2.15,2.16,2.2,2.2,2.21,2.24,0,0,0,0,0,0,0,0,0,0,0,0,0,0,0,0,0,0
163,สำเร็จการศึกษา,สอบคัดเลือก-สมัครทางอินเทอร์เน็ต,ปวส.,2.77,วิทยาลัยเทคโนโลยีอรรถวิทย์พณิชยการ,137,137,137,2.12,2.58,3.15,3.27,3.35,3.36,3.33,0,0,0,0,0,0,0,0,0,0,0,0,0,0,0,0,0,0,0,0
164,พ้นสภาพนักศึกษา,สอบคัดเลือก-สมัครทางอินเทอร์เน็ต,ปวส.,2.74,วิทยาลัยเทคโนโลยีอรรถวิทย์พณิชยการ,125,110,137,1.65,0,0,1.7,1.66,1.69,1.74,1.95,1.85,1.65,0,0,0,0,0,0,0,0,0,0,0,0,0,0,0,0,0
165,สำเร็จการศึกษา,สอบคัดเลือก-สมัครทางอินเทอร์เน็ต,ปวส.,3.4,วิทยาลัยอาชีวศึกษาเอี่ยมละออ,140,137,137,2.36,0,0,2.5,2.35,2.23,2.39,2.64,2.65,2.65,0,2.61,0,0,0,0,0,0,0,0,0,0,0,0,0,0,0
166,พ้นสภาพนักศึกษา,สอบคัดเลือก-สมัครทางอินเทอร์เน็ต,ปวส.,2.33,วิทยาลัยพณิชยการเชตุพน,119,104,137,1.69,2.25,2.25,2.26,2.26,2.36,2.33,0,0,0,0,0,0,0,0,0,0,0,0,0,0,0,0,0,0,0,0
167,สำเร็จการศึกษา,สอบคัดเลือก-สมัครทางอินเทอร์เน็ต,ปวส.,2.64,วิทยาลัยพณิชยการเชตุพน,137,137,137,2.29,1.5,0,1.67,2.09,0,2.35,2.39,0,0,0,0,0,0,0,0,0,0,0,0,0,0,0,0,0,0,0
168,สำเร็จการศึกษา,สอบคัดเลือก-สมัครทางอินเทอร์เน็ต,ปวส.,3.82,วิทยาลัยการอาชีพสระบุรี,137,137,137,3.65,1.9,2.27,2.44,2.48,2.5,2.46,2.41,0,0,0,0,0,0,0,0,0,0,0,0,0,0,0,0,0,0,0
169,ถอนชื่อออกจากทะเบียนนักศึกษา,สอบคัดเลือก-สมัครทางอินเทอร์เน็ต,ปวส.,3.1,วิทยาลัยพณิชยการบางนา,140,125,137,2.53,0,0,2.4,2.54,2.68,2.67,2.65,2.6,2.58,0,2.58,0,0,0,0,0,0,0,0,0,0,0,0,0,0,0
170,สำเร็จการศึกษา,โควตา-เรียนดี,ปวช.,3.54,วิทยาลัยอาชีวศึกษาสงขลา,128,128,128,3.34,3.88,0,2.4,2.4,2.36,2.28,2.27,2.25,2.15,2.08,0,2.12,0,2.12,0,0,0,0,0,0,0,0,0,0,0,0
171,สำเร็จการศึกษา,ระบบ TCAS รอบ Portfolio,มัธยมศึกษาตอนปลาย (ม.6),2.91,โรงเรียนเซนต์ปีเตอร์ ธนบุรี,128,128,128,3.2,4,0,0,0,0,3.76,2.8,0,2.37,0,0,0,0,0,0,0,0,0,0,0,0,0,0,0,0,0
172,สำเร็จการศึกษา,ระบบ TCAS รอบ Portfolio,มัธยมศึกษาตอนปลาย (ม.6),2.88,โรงเรียนจันทร์ประดิษฐารามวิทยาคม,128,128,128,3.26,0,0,0,0,0,1.92,1.95,0,2.25,2.57,0,2.72,2.86,0,2.86,2.88,0,0,0,0,0,0,0,0,0,0
173,สำเร็จการศึกษา,"สอบสัมภาษณ์+VNET- รับตรง (ปวช. , ปวส.)",ปวช.,2.62,วิทยาลัยพณิชยการเชตุพน,128,128,128,2.52,0,0,0,0,0,3.08,2.78,0,2.67,2.68,0,2.5,2.55,0,2.55,2.5,0,2.51,0,0,0,0,0,0,0,0
174,สำเร็จการศึกษา,"สอบสัมภาษณ์+VNET- รับตรง (ปวช. , ปวส.)",ปวช.,3,วิทยาลัยพณิชยการเชตุพน,128,128,128,3.19,0,0,0,0,0,2,2.21,0,2.09,2.09,0,2.22,2.33,0,2.33,2.38,0,2.36,0,0,0,0,0,0,0,0
175,ถอนชื่อออกจากทะเบียนนักศึกษา,"สอบสัมภาษณ์+VNET- รับตรง (ปวช. , ปวส.)",ปวช.,2.96,วิทยาลัยเทคโนโลยีสารสาสน์,18,18,128,2.58,0,0,0,0,0,0,2,0,2.17,0,0,0,0,0,0,0,0,0,0,0,0,0,0,0,0,0
176,สำเร็จการศึกษา,"สอบสัมภาษณ์+VNET- รับตรง (ปวช. , ปวส.)",ปวช.,3.4,วิทยาลัยพณิชยการเชตุพน,128,128,128,3.23,0,0,0,0,0,0,0,0,2.35,2.5,0,2.57,2.63,0,2.63,2.71,0,0,0,0,0,0,0,0,0,0
177,สำเร็จการศึกษา,"สอบสัมภาษณ์+VNET- รับตรง (ปวช. , ปวส.)",ปวช.,2.64,วิทยาลัยพณิชยการเชตุพน,134,128,128,2.51,0,0,0,0,0,0,0,0,2.75,2.58,0,2.79,2.96,0,2.8,2.78,0,2.78,2.85,0,0,0,0,0,0,0
178,สำเร็จการศึกษา,"สอบสัมภาษณ์+VNET- รับตรง (ปวช. , ปวส.)",ปวช.,3.53,วิทยาลัยอาชีวศึกษาธนบุรี,128,128,128,2.84,0,0,0,0,0,0,0,0,2.42,2.23,0,2.17,2.39,0,2.47,2.57,0,2.57,2.65,0,0,0,0,0,0,0
179,สำเร็จการศึกษา,"สอบสัมภาษณ์+VNET- รับตรง (ปวช. , ปวส.)",ปวช.,2.7,วิทยาลัยพณิชยการเชตุพน,140,128,128,2.27,0,0,0,0,0,2.58,2.42,0,2.17,0,0,2.19,2.43,0,2.46,2.54,0,2.54,2.5,0,0,0,0,0,0,0
180,สำเร็จการศึกษา,"สอบสัมภาษณ์+VNET- รับตรง (ปวช. , ปวส.)",ปวช.,3.48,วิทยาลัยอาชีวศึกษาดุสิตพณิชยการ,128,128,128,2.63,0,0,0,0,0,2.25,1.83,0,1.78,1.87,0,1.9,1.99,0,1.99,2.07,0,0,0,0,0,0,0,0,0,0
181,สำเร็จการศึกษา,"สอบสัมภาษณ์+VNET- รับตรง (ปวช. , ปวส.)",ปวช.,3.13,วิทยาลัยพณิชยการเชตุพน,128,128,128,2.66,0,0,0,0,0,2,1.62,0,1.5,1.67,0,1.9,2.16,2.16,2.14,2.18,0,0,0,0,0,0,0,0,0,0
182,สำเร็จการศึกษา,"สอบสัมภาษณ์+VNET- รับตรง (ปวช. , ปวส.)",ปวช.,3.34,วิทยาลัยอาชีวศึกษาธนบุรี,128,128,128,2.42,0,0,0,0,0,1.83,1.86,0,1.77,1.56,0,0,0,0,0,0,0,0,0,0,0,0,0,0,0,0
183,สำเร็จการศึกษา,"สอบสัมภาษณ์+VNET- รับตรง (ปวช. , ปวส.)",ปวช.,3.21,วิทยาลัยพณิชยการเชตุพน,128,128,128,3.49,0,0,0,0,0,2.33,2.12,0,2.03,1.98,0,2.02,2.12,0,2.12,0,0,0,0,0,0,0,0,0,0,0
184,พ้นสภาพนักศึกษา,"สอบสัมภาษณ์+VNET- รับตรง (ปวช. , ปวส.)",ปวช.,2.45,วิทยาลัยเทคโนโลยีสารสาสน์กนกอนุสรณ์,36,24,128,1,0,0,0,0,0,2.58,2.72,0,0,0,0,0,0,0,0,3,0,0,0,0,0,0,0,0,0,0
185,สำเร็จการศึกษา,ระบบ TCAS รอบ Portfolio,มัธยมศึกษาตอนปลาย (ม.6),2.86,โรงเรียนนารีวุฒิ,128,128,128,3.45,0,0,0,0,0,1.92,1.67,0,1.83,2.16,0,2.39,2.47,0,2.47,2.53,0,0,0,0,0,0,0,0,0,0
186,สำเร็จการศึกษา,ระบบ TCAS รอบ Portfolio,มัธยมศึกษาตอนปลาย (ม.6),3.42,โรงเรียนอุตรดิตถ์ดรุณี,128,128,128,3.19,0,0,0,0,0,3.42,3.42,0,3.45,3.19,0,3.19,0,0,0,0,0,0,0,0,0,0,0,0,0,0
187,พ้นสภาพนักศึกษา,ระบบ TCAS รอบ Portfolio โควตา-เครือข่าย (วุฒิ ม.6),มัธยมศึกษาตอนปลาย (ม.6),2.82,โรงเรียนเตรียมอุดมศึกษาน้อมเกล้า สมุทรปราการ,51,33,128,1.26,0,0,0,0,0,3,0,0,0,0,0,2.92,3.07,3.07,0,3.06,0,0,0,0,0,0,0,0,0,0
188,สำเร็จการศึกษา,ระบบ TCAS รอบ Portfolio โควตา-เครือข่าย (วุฒิ ม.6),มัธยมศึกษาตอนปลาย (ม.6),2.95,โรงเรียนพระแม่มารี,128,128,128,2.51,0,0,0,0,0,3.38,3.1,0,2.81,2.72,0,2.62,2.67,0,0,2.67,2.67,2.7,2.7,2.68,0,0,0,0,0,0
189,สำเร็จการศึกษา,ระบบ TCAS รอบ Portfolio โควตา-เครือข่าย (วุฒิ ม.6),มัธยมศึกษาตอนปลาย (ม.6),2.89,โรงเรียนเทพศิรินทร์,128,128,128,2.27,0,0,0,0,0,0,0,0,2.67,2.29,0,2.28,2.57,0,2.5,2.53,0,2.53,2.59,0,0,0,0,0,0,0
190,ลาออก,โควตา-เครือข่าย,ปวช.,3.1,วิทยาลัยเทคโนโลยีสารสาสน์,33,30,128,2.18,0,0,0,0,0,0,0,0,2.7,2.8,0,0,0,0,0,0,0,0,0,0,0,0,0,0,0,0
191,สำเร็จการศึกษา,ระบบ TCAS รอบ โควตา,มัธยมศึกษาตอนปลาย (ม.6),2.62,โรงเรียนสวนกุหลาบวิทยาลัย ธนบุรี,128,128,128,2.43,0,0,0,0,0,0,0,0,3.83,3.36,0,3.2,3.19,0,2.98,2.94,0,2.94,2.96,0,0,0,0,0,0,0
192,พ้นสภาพนักศึกษา,ระบบ TCAS รอบ โควตา,มัธยมศึกษาตอนปลาย (ม.6),2.36,โรงเรียนเตรียมอุดมศึกษาน้อมเกล้า สมุทรปราการ,33,27,128,1.4,0,0,0,0,0,0,0,0,0,3,0,3.31,3.09,0,0,0,0,0,0,0,0,0,0,0,0,0
193,สำเร็จการศึกษา,ระบบ TCAS รอบ โควตา,มัธยมศึกษาตอนปลาย (ม.6),3.04,โรงเรียนรัตนาธิเบศร์,128,128,128,2.36,0,0,0,0,0,0,0,0,3.92,3.88,0,3.92,3.83,0,3.68,3.66,0,3.66,3.66,0,0,0,0,0,0,0
194,สำเร็จการศึกษา,"สอบสัมภาษณ์+VNET- รับตรง (ปวช. , ปวส.)",ปวช.,3.37,วิทยาลัยเทคโนโลยีสารสาสน์กนกอนุสรณ์,137,128,128,2.71,0,0,0,0,0,0,0,0,3.57,3.54,0,3.62,3.75,0,3.73,3.72,0,3.72,3.75,0,0,0,0,0,0,0
195,พ้นสภาพนักศึกษา,"สอบสัมภาษณ์+VNET- รับตรง (ปวช. , ปวส.)",ปวช.,2.77,วิทยาลัยเทคโนโลยีสารสาสน์,33,24,128,1.22,0,0,0,0,0,0,0,0,0,0,0,0,4,0,3.75,3.68,0,0,0,0,0,0,0,0,0,0
196,สำเร็จการศึกษา,"สอบสัมภาษณ์+VNET- รับตรง (ปวช. , ปวส.)",ปวช.,3.03,วิทยาลัยพณิชยการเชตุพน,128,128,128,2.78,0,0,0,0,0,0,0,0,3.25,3.17,0,3.17,3.16,0,3.16,3.17,0,3.17,3.22,0,0,0,0,0,0,0
197,สำเร็จการศึกษา,"สอบสัมภาษณ์+VNET- รับตรง (ปวช. , ปวส.)",ปวช.,2.39,วิทยาลัยพณิชยการเชตุพน,128,128,128,2.57,0,0,0,0,0,2.58,2.38,0,2.22,2.34,0,2.33,2.36,0,0,2.5,0,2.5,2.58,0,0,0,0,0,0,0
198,พ้นสภาพนักศึกษา,"สอบสัมภาษณ์+VNET- รับตรง (ปวช. , ปวส.)",ปวช.,2.47,วิทยาลัยพณิชยการเชตุพน,72,69,128,1.72,0,0,0,0,0,2,1.45,0,0,0,0,0,1.8,0,1.8,1.98,0,0,0,0,0,0,0,0,0,0
199,สำเร็จการศึกษา,"สอบสัมภาษณ์+VNET- รับตรง (ปวช. , ปวส.)",ปวช.,2.4,วิทยาลัยพณิชยการเชตุพน,128,128,128,2.25,0,0,0,0,0,2.75,2.45,0,2.44,2.34,0,2.31,2.33,0,2.33,2.42,0,2.41,0,0,0,0,0,0,0,0
200,สำเร็จการศึกษา,ระบบ TCAS รอบ รับตรงร่วมกัน,มัธยมศึกษาตอนปลาย (ม.6),2.47,โรงเรียนสตรีวัดอัปสรสวรรค์,128,128,128,2.67,0,0,0,0,0,3,2.67,0,2.5,2.45,0,2.47,2.61,0,0,2.67,2.67,0,2.67,2.65,0,0,0,0,0,0
201,สำเร็จการศึกษา,ระบบ TCAS รอบ รับตรงร่วมกัน,มัธยมศึกษาตอนปลาย (ม.6),3.04,โรงเรียนอิสลามวิทยาลัยแห่งประเทศไทย,128,128,128,2.17,0,0,0,0,0,0,0,0,0,0,0,3.6,3.46,0,3.5,3.2,0,0,0,0,0,0,0,0,0,0
202,สำเร็จการศึกษา,ระบบ TCAS รอบ รับตรงร่วมกัน,มัธยมศึกษาตอนปลาย (ม.6),2.68,โรงเรียนบางมดวิทยา “สีสุกหวาดจวนอุปถัมภ์”,137,131,128,2.28,0,0,0,0,0,0,0,0,0,0,0,3.1,2.95,0,2.97,2.95,0,2.98,2.92,0,2.92,2.89,0,0,0,0
203,พ้นสภาพนักศึกษา,ระบบ TCAS รอบ รับตรงร่วมกัน,มัธยมศึกษาตอนปลาย (ม.6),2.42,โรงเรียนสวนกุหลาบวิทยาลัย ธนบุรี,51,45,128,1.47,0,0,0,0,0,0,0,0,0,0,0,0,0,0,0,0,0,3.08,2.78,0,2.78,2.64,0,0,0,0
204,พ้นสภาพนักศึกษา,ระบบ TCAS รอบ รับตรงร่วมกัน,มัธยมศึกษาตอนปลาย (ม.6),2.49,โรงเรียนสวนกุหลาบวิทยาลัย ธนบุรี,72,63,128,1.5,0,0,0,0,0,0,0,0,0,0,0,2.42,2.27,0,2.09,0,0,0,0,0,0,2.5,0,0,0,0
205,พ้นสภาพนักศึกษา,ระบบ TCAS รอบ รับตรงร่วมกัน,มัธยมศึกษาตอนปลาย (ม.6),2.43,โรงเรียนสตรีวัดอัปสรสวรรค์,60,36,128,1.31,0,0,0,0,0,0,0,0,0,0,0,1.75,1.94,0,2.08,1.84,0,0,0,0,0,0,0,0,0,0
206,สำเร็จการศึกษา,ระบบ TCAS รอบ รับตรงร่วมกัน,มัธยมศึกษาตอนปลาย (ม.6),2.75,โรงเรียนท่าชนะ,128,128,128,2.25,0,0,0,0,0,0,0,0,0,0,0,2.1,2.05,0,2.53,2.63,0,2.16,0,0,0,0,0,0,0,0
207,สำเร็จการศึกษา,ระบบ TCAS รอบ รับตรงร่วมกัน,มัธยมศึกษาตอนปลาย (ม.6),2.62,โรงเรียนสตรีวัดอัปสรสวรรค์,128,128,128,2.76,0,0,0,0,0,0,0,0,0,0,0,0,0,0,2.92,2.29,0,2.38,2.41,0,2.59,2.54,2.54,2.51,0,0
208,พ้นสภาพนักศึกษา,ระบบ TCAS รอบ รับตรงร่วมกัน,มัธยมศึกษาตอนปลาย (ม.6),2.41,โรงเรียนลาซาล,48,36,128,1.28,0,0,0,0,0,0,0,0,0,0,0,0,0,0,0,0,0,1.88,1.91,0,2.06,0,0,0,0,0
209,พ้นสภาพนักศึกษา,ระบบ TCAS รอบ รับตรงร่วมกัน,มัธยมศึกษาตอนปลาย (ม.6),2.18,โรงเรียนกระสังพิทยาคม,33,27,128,1.31,0,0,0,0,0,0,0,0,0,0,0,0,0,0,0,0,0,0,0,0,1.5,1.96,1.96,0,0,0
210,สำเร็จการศึกษา,ระบบ TCAS รอบ รับตรงร่วมกัน,มัธยมศึกษาตอนปลาย (ม.6),2.42,โรงเรียนท่าช้างวัดราษฎร์บำรุง,140,128,128,2.28,0,0,0,0,0,0,0,0,0,0,0,0,0,0,2.67,2.3,0,2.43,2.39,0,2.37,2.27,2.27,2.19,2.18,2.18
211,สำเร็จการศึกษา,สอบคัดเลือก-สมัครทางอินเทอร์เน็ต,มัธยมศึกษาตอนปลาย (ม.6),3.71,โรงเรียนศรีคูณวิทยบัลลังก์,128,128,128,3.2,0,0,0,0,0,0,0,0,0,0,0,0,0,0,3.25,2.88,0,2.64,2.5,0,2.5,2.46,2.46,2.43,0,0
212,สำเร็จการศึกษา,สอบคัดเลือก-สมัครทางอินเทอร์เน็ต,มัธยมศึกษาตอนปลาย (ม.6),3.06,โรงเรียนศึกษานารีวิทยา,131,128,128,2.71,0,0,0,0,0,0,0,0,0,0,0,3.25,0,0,3.75,3.54,0,3.56,3.54,0,3.58,3.6,3.6,3.59,0,0
213,สำเร็จการศึกษา,โควตา-เรียนดี,ปวส.,3.11,วิทยาลัยพณิชยการบางนา,132,132,128,3.12,0,0,0,0,0,0,0,0,0,0,0,3,2.94,0,3.23,3.1,0,3.12,3.07,0,3.23,3.27,0,0,0,0
214,สำเร็จการศึกษา,โควตา-เรียนดี,ปวส.,2.89,วิทยาลัยพณิชยการเชตุพน,131,128,128,2.83,0,0,0,0,0,0,0,0,0,0,0,0,0,0,3.58,3.12,0,3.03,2.94,0,3.08,3.14,3.14,3.16,0,0
215,สำเร็จการศึกษา,โควตา-เรียนดี,ปวส.,3.68,วิทยาลัยพณิชยการบางนา,129,129,128,3.29,0,0,0,0,0,0,0,0,0,0,0,0,0,0,3,2.54,0,2.42,2.44,0,0,2.54,2.54,2.66,0,0
216,ถอนชื่อออกจากทะเบียนนักศึกษา,โควตา-เรียนดี,ปวส.,3.35,วิทยาลัยพณิชยการบางนา,101,101,128,2.75,0,0,0,0,0,3.58,3.38,0,3.43,0,0,0,0,0,0,0,0,0,3.28,0,3.04,2.93,2.93,2.95,0,0
217,สำเร็จการศึกษา,โควตา-เรียนดี,ปวส.,3.88,วิทยาลัยเทคโนโลยีอรรถวิทย์พณิชยการ,128,128,128,3.2,0,0,0,0,0,3.33,3.04,0,3.14,3.18,0,3.23,3.18,0,3.18,3.22,0,0,0,0,0,0,0,0,0,0
218,สำเร็จการศึกษา,โควตา-เรียนดี,ปวส.,3.1,วิทยาลัยพณิชยการบางนา,129,129,128,2.51,0,0,0,0,0,3.92,3.69,0,3.45,3.33,0,3.35,3.36,0,3.36,3.4,0,0,0,0,0,0,0,0,0,0
219,สำเร็จการศึกษา,โควตา-เรียนดี,ปวส.,3.09,วิทยาลัยพณิชยการธนบุรี,129,129,128,2.62,0,0,0,0,0,3.58,3.21,0,3.08,3.04,0,3.08,3.1,0,3.1,3.1,0,0,0,0,0,0,0,0,0,0
220,สำเร็จการศึกษา,โควตา-เรียนดี,ปวส.,3.9,วิทยาลัยอาชีวศึกษาแพร่,128,128,128,3.01,0,0,0,0,0,3.08,3.05,0,2.96,3,0,3.06,3.11,0,3.11,3.13,0,0,0,0,0,0,0,0,0,0
221,สำเร็จการศึกษา,โควตา-เรียนดี,ปวส.,3.12,วิทยาลัยอาชีวศึกษานครสวรรค์,130,130,128,2.33,0,0,0,0,0,2.58,2.14,0,2.16,2.25,0,2.45,2.53,0,2.53,2.61,0,2.64,0,0,0,0,0,0,0,0
222,สำเร็จการศึกษา,โควตา-เรียนดี,ปวส.,3.09,วิทยาลัยพณิชยการบางนา,129,129,128,2.87,0,0,0,0,0,2.67,2.41,0,2.23,2.27,0,2.24,2.25,0,2.25,2.33,0,2.37,0,0,0,0,0,0,0,0
223,ลาออก,โควตา-เรียนดี,ปวส.,3.12,วิทยาลัยพณิชยการบางนา,70,67,128,1.75,0,0,0,0,0,0,2,0,2.06,2.5,0,2.5,2.52,0,0,0,0,0,0,0,0,0,0,0,0,0
224,สำเร็จการศึกษา,โควตา-เรียนดี,ปวส.,3.66,วิทยาลัยพณิชยการเชตุพน,128,128,128,3.23,0,0,0,0,0,3.17,2.85,0,2.58,2.42,0,2.45,2.58,0,2.58,2.59,0,0,0,0,0,0,0,0,0,0
225,สำเร็จการศึกษา,โควตา-เรียนดี,ปวส.,3.24,วิทยาลัยพณิชยการบางนา,132,132,128,2.99,0,0,0,0,0,4,3.83,0,3.44,3.44,0,3.42,3.3,3.3,3.3,3.21,0,0,0,0,0,0,0,0,0,0
226,สำเร็จการศึกษา,โควตา-เรียนดี,ปวส.,3.87,วิทยาลัยพณิชยการธนบุรี,129,129,128,3.7,0,0,0,0,0,2.58,2.23,0,2.13,2.26,0,2.38,2.61,0,2.61,2.65,0,0,0,0,0,0,0,0,0,0
227,สำเร็จการศึกษา,โควตา-เรียนดี,ปวส.,3.59,วิทยาลัยเทคโนโลยีมิตรพลบริหารธุรกิจ,128,128,128,2.74,0,0,0,0,0,2.5,1.69,0,1.39,0,0,0,1.72,0,1.72,1.85,0,0,0,0,0,0,0,0,0,0
228,สำเร็จการศึกษา,โควตา-เรียนดี,ปวส.,3.12,วิทยาลัยพณิชยการบางนา,129,129,128,2.48,0,0,0,0,0,2.33,2.42,0,2.25,2.36,0,2.39,2.42,0,2.42,2.48,0,0,0,0,0,0,0,0,0,0
229,สำเร็จการศึกษา,โควตา-เรียนดี,ปวส.,3.45,วิทยาลัยพณิชยการเชตุพน,128,128,128,3.7,0,0,0,0,0,2.67,2.12,0,2.06,2.16,0,2.17,2.28,0,2.28,2.34,0,0,0,0,0,0,0,0,0,0
230,สำเร็จการศึกษา,โควตา-เรียนดี,ปวส.,3.46,วิทยาลัยพณิชยการเชตุพน,128,128,128,3.32,0,0,0,0,0,3.58,3.08,0,2.78,2.74,0,2.62,2.63,0,2.63,2.69,0,0,0,0,0,0,0,0,0,0
231,สำเร็จการศึกษา,"สอบสัมภาษณ์+VNET- รับตรง (ปวช. , ปวส.)",ปวส.,3.1,วิทยาลัยพณิชยการเชตุพน,128,128,128,2.81,0,0,0,0,0,3.25,3.5,0,3.36,3.38,0,3.42,3.42,0,3.42,3.43,0,0,0,0,0,0,0,0,0,0
232,สำเร็จการศึกษา,"สอบสัมภาษณ์+VNET- รับตรง (ปวช. , ปวส.)",ปวส.,3.86,วิทยาลัยเทคโนโลยีอรรถวิทย์พณิชยการ,128,128,128,3.07,0,0,0,0,0,3.5,3.06,0,2.86,3,0,3.12,3.14,0,3.14,3.17,0,0,0,0,0,0,0,0,0,0
233,สำเร็จการศึกษา,"สอบสัมภาษณ์+VNET- รับตรง (ปวช. , ปวส.)",ปวส.,3.05,วิทยาลัยพณิชยการเชตุพน,128,128,128,2.76,0,0,0,0,0,0,0,0,2.33,2.42,0,2.47,2.86,0,2.82,2.79,0,2.79,2.88,0,0,0,0,0,0,0
234,สำเร็จการศึกษา,"สอบสัมภาษณ์+VNET- รับตรง (ปวช. , ปวส.)",ปวส.,3.47,วิทยาลัยพณิชยการเชตุพน,128,128,128,3.57,0,0,0,0,0,3,2.18,0,2.12,2.08,0,2.02,2.14,0,0,0,0,0,0,0,0,0,0,0,0,0
235,สำเร็จการศึกษา,"สอบสัมภาษณ์+VNET- รับตรง (ปวช. , ปวส.)",ปวส.,3.25,วิทยาลัยเทคโนโลยีอรรถวิทย์พณิชยการ,131,131,128,2.65,0,0,0,0,0,0,0,0,2.93,2.65,0,2.61,2.7,0,2.67,2.73,0,2.73,2.83,0,0,0,0,0,0,0
236,สำเร็จการศึกษา,"สอบสัมภาษณ์+VNET- รับตรง (ปวช. , ปวส.)",ปวส.,3.74,วิทยาลัยเทคโนโลยีอรรถวิทย์พณิชยการ,128,128,128,3.02,0,0,0,0,0,0,0,0,3.1,2.64,0,0,2.77,0,2.74,2.68,0,2.68,2.67,0,0,0,0,0,0,0
237,สำเร็จการศึกษา,"สอบสัมภาษณ์+VNET- รับตรง (ปวช. , ปวส.)",ปวส.,3.05,วิทยาลัยพณิชยการเชตุพน,128,128,128,3.21,0,0,0,0,0,0,0,0,0,0,0,2.5,2.62,0,2.72,2.82,0,2.82,2.77,0,0,0,0,0,0,0
238,สำเร็จการศึกษา,"สอบสัมภาษณ์+VNET- รับตรง (ปวช. , ปวส.)",ปวส.,3.72,วิทยาลัยพณิชยการเชตุพน,128,128,128,3.69,0,0,0,0,0,2.92,2.36,0,2.33,2.52,0,2.53,0,0,0,2.55,0,0,0,0,0,0,0,0,0,0
239,สำเร็จการศึกษา,"สอบสัมภาษณ์+VNET- รับตรง (ปวช. , ปวส.)",ปวส.,2.76,วิทยาลัยพณิชยการเชตุพน,128,128,128,2.94,0,0,0,0,0,2.58,2.29,0,2.25,2.46,0,2.48,2.64,0,2.64,2.66,0,0,0,0,0,0,0,0,0,0
240,สำเร็จการศึกษา,"สอบสัมภาษณ์+VNET- รับตรง (ปวช. , ปวส.)",ปวส.,2.97,วิทยาลัยพณิชยการเชตุพน,131,131,128,3.07,0,0,0,0,0,2.42,2.12,0,2,2.1,0,2.14,2.28,0,2.28,2.31,0,0,0,0,0,0,0,0,0,0
241,ถอนชื่อออกจากทะเบียนนักศึกษา,"สอบสัมภาษณ์+VNET- รับตรง (ปวช. , ปวส.)",ปวส.,3.64,วิทยาลัยเทคโนโลยีอรรถวิทย์พณิชยการ,69,69,128,2.67,0,0,0,0,0,0,0,0,0,0,0,2.06,2.2,0,2.2,2.27,0,0,0,0,0,0,0,0,0,0
242,สำเร็จการศึกษา,"สอบสัมภาษณ์+VNET- รับตรง (ปวช. , ปวส.)",ปวส.,3.42,วิทยาลัยพณิชยการเชตุพน,131,131,128,2.97,0,0,0,0,0,0,0,0,0,0,0,3.6,3.58,0,3.47,3.3,0,3.09,2.91,0,2.91,2.88,0,0,0,0
243,สำเร็จการศึกษา,"สอบสัมภาษณ์+VNET- รับตรง (ปวช. , ปวส.)",ปวส.,3.48,วิทยาลัยพณิชยการเชตุพน,128,128,128,3.55,0,0,0,0,0,0,0,0,0,0,0,1.9,2,0,1.73,1.66,0,0,0,0,0,1.62,0,0,0,0
244,สำเร็จการศึกษา,"สอบสัมภาษณ์+VNET- รับตรง (ปวช. , ปวส.)",ปวส.,3.76,วิทยาลัยพณิชยการธนบุรี,129,129,128,3.31,0,0,0,0,0,0,0,0,3.75,3.71,0,3.26,3.14,0,2.87,2.87,0,0,0,0,0,0,0,0,0,0
245,สำเร็จการศึกษา,"สอบสัมภาษณ์+VNET- รับตรง (ปวช. , ปวส.)",ปวส.,2.9,วิทยาลัยเทคนิคสัตหีบ,129,129,128,2.21,0,0,0,0,0,0,0,0,1.92,1.73,0,0,1.96,0,2.52,2.78,0,2.78,2.89,0,0,0,0,0,0,0
246,สำเร็จการศึกษา,โควตา-เครือข่าย,ปวส.,2.86,วิทยาลัยเทคโนโลยีสารสาสน์,131,131,128,2.77,0,0,0,0,0,0,0,0,2.57,2.25,0,2.21,2.33,0,0,0,0,0,0,0,0,0,0,0,0,0
247,สำเร็จการศึกษา,โควตา-เรียนดี,ปวช.,,วิทยาลัยเทคนิคสมุทรปราการ,131,128,128,2.58,0,0,0,0,0,0,0,0,1.92,1.86,0,1.85,2.03,0,1.9,1.97,2.04,2.04,2.06,0,0,0,0,0,0,0
248,สำเร็จการศึกษา,โควตา-เรียนดี,ปวช.,3.65,วิทยาลัยอาชีวศึกษาร้อยเอ็ด,131,128,128,2.77,0,0,0,0,0,0,0,0,3.5,3.33,0,3.44,3.36,0,0,3.28,0,3.28,3.03,0,3.01,2.96,2.89,0,0,0
249,สำเร็จการศึกษา,โควตา-เรียนดี,ปวช.,,วิทยาลัยเทคโนโลยีหาดใหญ่อำนวยวิทย์,128,128,128,3.35,0,0,0,0,0,0,0,0,3.08,2.39,0,0,2.77,0,2.75,2.82,0,2.82,2.92,0,0,0,0,0,0,0
250,สำเร็จการศึกษา,โควตา-เรียนดี,ปวช.,3.97,วิทยาลัยเทคนิคมีนบุรี,128,128,128,3.83,0,0,0,0,0,0,0,0,2.33,2.32,0,2.25,2.44,0,2.28,2.24,0,2.24,2.2,0,2.28,0,0,0,0,0
251,สำเร็จการศึกษา,โควตา-เรียนดี,ปวช.,3.5,วิทยาลัยพณิชยการเชตุพน,128,128,128,3.71,0,0,0,0,0,0,0,0,2.83,2.75,0,2.5,2.7,0,2.53,2.57,0,2.57,2.6,0,0,0,0,0,0,0
252,สำเร็จการศึกษา,โควตา-เรียนดี,ปวช.,3.02,วิทยาลัยพณิชยการเชตุพน,128,128,128,3.18,0,0,0,0,0,0,0,0,3.5,2.3,0,0,0,0,3,3.19,0,3.33,3.22,0,3.27,3.3,0,0,0,0
253,สำเร็จการศึกษา,ระบบ TCAS รอบ Portfolio,มัธยมศึกษาตอนปลาย (ม.6),3.05,โรงเรียนมัธยมวัดสิงห์,131,128,128,2.69,0,0,0,0,0,0,0,0,0,0,0,0,0,0,3.17,2.88,0,2.76,2.58,0,2.67,2.74,2.74,2.78,0,0
254,สำเร็จการศึกษา,ระบบ TCAS รอบ Portfolio โควตา-เครือข่าย (วุฒิ ม.6),มัธยมศึกษาตอนปลาย (ม.6),3.14,โรงเรียนทวีธาภิเศก,128,128,128,2.83,0,0,0,0,0,0,0,0,0,0,0,0,0,0,3.08,2.85,0,3.03,3.08,0,3.11,3.1,3.1,3.14,0,0
255,สำเร็จการศึกษา,ระบบ TCAS รอบ Portfolio,มัธยมศึกษาตอนปลาย (ม.6),,โรงเรียนมัธยมวัดสิงห์,128,128,128,2.47,0,0,0,0,0,0,0,0,0,0,0,0,0,0,3.75,3.5,0,3.5,3.55,0,3.48,3.44,3.44,3.49,0,0
256,สำเร็จการศึกษา,"สอบสัมภาษณ์+VNET- รับตรง (ปวช. , ปวส.)",ปวช.,2.55,วิทยาลัยพณิชยการเชตุพน,131,128,128,2.89,0,0,0,0,0,0,0,0,0,0,0,0,0,0,3,2.83,0,2.69,2.88,0,3.03,3.15,3.15,3.17,0,0
257,พ้นสภาพนักศึกษา,"สอบสัมภาษณ์+VNET- รับตรง (ปวช. , ปวส.)",ปวช.,2.61,วิทยาลัยเทคโนโลยีสารสาสน์,36,18,128,1.2,0,0,0,0,0,0,0,0,0,0,0,0,0,0,0,0,0,0,1,0,2.44,2.35,0,0,0,0
258,ถอนชื่อออกจากทะเบียนนักศึกษา,ระบบ TCAS รอบ โควตา,มัธยมศึกษาตอนปลาย (ม.6),2.49,โรงเรียนลาซาล,30,30,128,2.45,0,0,0,0,0,0,0,0,0,0,0,0,0,0,0,0,0,0,0,0,0,1.81,1.81,1.9,0,0
259,สำเร็จการศึกษา,ระบบ TCAS รอบ รับตรงร่วมกัน,มัธยมศึกษาตอนปลาย (ม.6),2.95,โรงเรียนสารสาสน์วิเทศบางบอน,128,128,128,3.71,0,0,0,0,0,0,0,0,0,0,0,0,0,0,3,2.21,0,2.21,2.4,0,2.52,2.53,0,0,2.53,0
260,โอนย้ายคณะ/สาขาวิชา/ภาค,ระบบ TCAS รอบ แอดมิชชั่น,มัธยมศึกษาตอนปลาย (ม.6),1.83,โรงเรียนวัดทรงธรรม,45,30,128,1.86,0,0,0,0,0,0,0,0,0,0,0,0,0,0,3.25,0,0,0,0,0,0,2.75,2.75,3.15,0,0
261,ถอนชื่อออกจากทะเบียนนักศึกษา,ระบบ TCAS รอบ แอดมิชชั่น,ปวช.,2.07,วิทยาลัยเทคโนโลยีตั้งตรงจิตรพณิชยการ,33,30,128,1.63,0,0,0,0,0,0,0,0,0,0,0,0,0,0,3.75,3.31,0,2.82,0,0,0,0,0,0,0,0
262,ลาออก,ระบบ TCAS รอบ แอดมิชชั่น,มัธยมศึกษาตอนปลาย (ม.6),2.94,โรงเรียนไตรมิตรวิทยาลัย,36,36,128,2.79,0,0,0,0,0,0,0,0,0,0,0,0,0,0,0,0,0,1.67,2.42,0,2.25,0,0,0,0,0
263,สำเร็จการศึกษา,ระบบ TCAS รอบ แอดมิชชั่น,มัธยมศึกษาตอนปลาย (ม.6),2.18,มหาวิทยาลัยเทคโนโลยีราชมงคลกรุงเทพ (Rajamangala University of Technology Krungthep),131,128,128,2.21,0,0,0,0,0,0,0,0,0,0,0,0,0,0,3.42,3,0,2.91,2.82,0,2.8,2.64,2.64,2.69,0,0
264,สำเร็จการศึกษา,ระบบ TCAS รอบ แอดมิชชั่น,มัธยมศึกษาตอนปลาย (ม.6),2.63,โรงเรียนเตรียมอุดมศึกษา สุวินทวงศ์,140,131,128,2.08,0,0,0,0,0,0,0,0,0,0,0,0,0,0,3.5,3.33,0,3.25,3.02,0,3.08,3.09,3.09,3.13,0,0
265,สำเร็จการศึกษา,ระบบ TCAS รอบ แอดมิชชั่น,มัธยมศึกษาตอนปลาย (ม.6),2.98,โรงเรียนโยธินบูรณะ,128,128,128,3.26,0,0,0,0,0,0,0,0,0,0,0,0,0,0,3.33,2.92,0,2.72,2.85,0,2.78,2.76,2.76,2.72,0,0
266,สำเร็จการศึกษา,ระบบ TCAS รอบ แอดมิชชั่น,ปวช.,3.6,วิทยาลัยอาชีวศึกษาเซนต์จอห์น,137,128,128,2.37,0,0,0,0,0,0,0,0,0,0,0,0,0,0,3.58,3.25,0,3.14,3.09,0,3.14,3.11,3.11,3.13,0,0
267,ถอนชื่อออกจากทะเบียนนักศึกษา,ระบบ TCAS รอบ แอดมิชชั่น,มัธยมศึกษาตอนปลาย (ม.6),1.68,โรงเรียนราชประชาสมาสัย ฝ่ายมัธยม รัชดาภิเษก ในพระบรมราชูปถัมภ์,27,18,128,1.44,0,0,0,0,0,0,0,0,0,0,0,0,0,0,0,0,0,0,2.25,0,2.89,0,0,0,0,0
268,สำเร็จการศึกษา,ระบบ TCAS รอบ รับตรงอิสระ,ปวช.,2.91,วิทยาลัยเทคโนโลยีฐานเทคโนโลยี,128,128,128,2.62,0,0,0,0,0,0,0,0,0,0,0,0,0,0,3.5,2.71,0,2.31,2.15,0,2.23,2.36,2.36,2.44,0,0
269,สำเร็จการศึกษา,ระบบ TCAS รอบ รับตรงอิสระ,มัธยมศึกษาตอนปลาย (ม.6),2.98,โรงเรียนสายปัญญา ในพระบรมราชินูปถัมภ์,128,128,128,2.61,0,0,0,0,0,0,0,0,0,0,0,0,0,0,3.25,3,0,2.97,2.74,0,2.91,2.89,2.89,2.93,0,0
270,สำเร็จการศึกษา,ระบบ TCAS รอบ รับตรงอิสระ,มัธยมศึกษาตอนปลาย (ม.6),2.27,โรงเรียนเตรียมอุดมศึกษาพัฒนาการ,128,128,128,2.69,0,0,0,0,0,0,0,0,0,0,0,0,0,0,3.5,3.18,0,2.79,2.69,0,2.68,2.61,2.61,2.67,0,0
271,สำเร็จการศึกษา,รับตรง-สอบคัดเลือกกับคณะ,มัธยมศึกษาตอนปลาย (ม.6),2.7,โรงเรียนบางสะพานวิทยา,131,128,128,2.56,0,0,0,0,0,0,0,0,0,0,0,0,0,0,1.92,1.91,0,1.85,1.95,0,1.98,1.99,1.99,2.05,0,0
272,สำเร็จการศึกษา,โควตา-เรียนดี,ปวส.,,วิทยาลัยอาชีวศึกษาเอี่ยมละออ,131,131,128,2.7,0,0,0,0,0,0,0,0,0,0,0,0,0,0,3.67,3.75,0,3.61,3.7,0,3.7,3.74,0,0,0,0
273,สำเร็จการศึกษา,โควตา-เรียนดี,ปวส.,3.65,วิทยาลัยอาชีวศึกษาเอี่ยมละออ,131,131,128,3,0,0,0,0,0,0,0,0,0,0,0,0,0,0,3.58,3.32,0,3.17,3.23,0,0,3.29,3.29,3.31,0,0
274,สำเร็จการศึกษา,โควตา-เรียนดี,ปวส.,,วิทยาลัยพณิชยการเชตุพน,131,128,128,3.2,0,0,0,0,0,0,0,0,0,0,0,2.74,2.81,0,2.54,2.53,0,0,2.38,0,2.54,2.56,2.56,2.56,0,0
275,สำเร็จการศึกษา,โควตา-เรียนดี,ปวส.,,วิทยาลัยพณิชยการเชตุพน,128,128,128,3.75,0,0,0,0,0,0,0,0,0,0,0,0,0,0,0,1.94,0,1.97,2.01,0,2.01,2.11,2.1,2.26,2.35,0
276,สำเร็จการศึกษา,โควตา-เรียนดี,ปวส.,,วิทยาลัยอาชีวศึกษาเอี่ยมละออ,134,131,128,3.26,0,0,0,0,0,0,0,0,0,0,0,0,0,0,3.33,2.85,0,2.65,2.41,0,2.39,0,0,0,0,0
277,สำเร็จการศึกษา,โควตา-เรียนดี,ปวส.,2.75,วิทยาลัยเทคโนโลยีเกษมสันต์บริหารธุรกิจ,131,128,128,2.64,0,0,0,0,0,2.67,2.65,2.72,2.9,3.03,0,3.11,0,0,0,0,0,0,0,0,0,0,0,0,0,0
278,สำเร็จการศึกษา,โควตา-เรียนดี,ปวส.,3.31,วิทยาลัยเทคนิคสมุทรปราการ,134,128,128,2.7,0,0,0,0,0,2.3,2.25,2.38,2.66,2.75,0,2.77,2.81,0,0,0,0,0,0,0,0,0,0,0,0,0
279,สำเร็จการศึกษา,โควตา-เรียนดี,ปวส.,,วิทยาลัยพณิชยการเชตุพน,128,128,128,2.7,0,0,0,0,0,2.83,2.85,2.94,3.13,3.24,0,3.29,0,0,0,0,0,0,0,0,0,0,0,0,0,0
280,สำเร็จการศึกษา,โควตา-เรียนดี,ปวส.,,วิทยาลัยพณิชยการเชตุพน,128,128,128,3.91,0,0,0,0,0,2.33,2.38,2.44,2.68,0,0,0,0,0,0,0,0,0,0,0,0,0,0,0,0,0
281,สำเร็จการศึกษา,โควตา-เรียนดี,ปวส.,,วิทยาลัยพณิชยการเชตุพน,131,128,128,3.3,0,0,0,0,0,1.83,2.17,2.32,2.76,2.93,2.97,3.09,0,0,0,0,0,0,0,0,0,0,0,0,0,0
282,พ้นสภาพนักศึกษา,โควตา-เรียนดี,ปวส.,,วิทยาลัยพณิชยการธนบุรี,111,78,128,1.21,0,0,0,0,0,2.75,2.25,2.32,2.5,2.61,0,2.68,0,0,0,0,0,0,0,0,0,0,0,0,0,0
283,สำเร็จการศึกษา,โควตา-เรียนดี,ปวส.,3.09,วิทยาลัยเทคนิคสมุทรปราการ,128,128,128,2.4,0,0,0,0,0,2.5,2.78,2.82,2.9,2.91,2.95,3.06,3.03,0,0,0,0,0,0,0,0,0,0,0,0,0
284,สำเร็จการศึกษา,โควตา-เรียนดี,ปวส.,3.41,วิทยาลัยพณิชยการเชตุพน,128,128,128,3.51,0,0,0,0,0,2.42,2.42,2.5,2.66,2.84,0,2.88,0,0,0,0,0,0,0,0,0,0,0,0,0,0
285,สำเร็จการศึกษา,โควตา-เรียนดี,ปวส.,3.76,วิทยาลัยอาชีวศึกษาเอี่ยมละออ,131,131,128,3.02,0,0,0,0,0,3.08,3,2.97,3.08,0,0,0,0,0,0,0,0,0,0,0,0,0,0,0,0,0
286,สำเร็จการศึกษา,โควตา-เรียนดี,ปวส.,,วิทยาลัยพณิชยการเชตุพน,128,128,128,3.63,0,0,0,0,0,2.6,2.71,2.75,2.83,2.96,0,3.01,0,0,0,0,0,0,0,0,0,0,0,0,0,0
287,สำเร็จการศึกษา,โควตา-เรียนดี,ปวส.,,วิทยาลัยอาชีวศึกษาเอี่ยมละออ,131,131,128,2.79,0,0,0,0,0,3.5,3.54,3.56,3.51,3.45,3.43,3.47,0,0,0,0,0,0,0,0,0,0,0,0,0,0
288,สำเร็จการศึกษา,โควตา-เรียนดี,ปวส.,3.82,วิทยาลัยอาชีวศึกษาอุบลราชธานี,128,128,128,3.26,0,0,0,0,0,2.1,2.5,2.5,2.94,3.12,0,3.19,3.18,0,0,0,0,0,0,0,0,0,0,0,0,0
289,สำเร็จการศึกษา,โควตา-เรียนดี,ปวส.,3.66,วิทยาลัยพณิชยการธนบุรี,132,129,128,3.27,0,0,0,0,0,2.1,2.08,2.21,2.43,2.5,2.56,2.61,2.59,0,0,0,0,0,0,0,0,0,0,0,0,0
290,สำเร็จการศึกษา,โควตา-เรียนดี,ปวส.,,วิทยาลัยพณิชยการเชตุพน,128,128,128,3.56,0,0,0,0,0,3.67,3.54,0,3.08,2.89,2.91,2.99,3.01,0,0,0,0,0,0,0,0,0,0,0,0,0
291,สำเร็จการศึกษา,โควตา-เรียนดี,ปวส.,,วิทยาลัยพณิชยการเชตุพน,128,128,128,3.3,0,0,0,0,0,3.25,3.15,3.22,3.41,3.52,0,3.56,3.54,0,0,0,0,0,0,0,0,0,0,0,0,0
292,สำเร็จการศึกษา,โควตา-เรียนดี,ปวส.,,วิทยาลัยพณิชยการเชตุพน,128,128,128,3.7,0,0,0,0,0,0,0,3.17,3.25,3.22,0,3.27,0,0,0,0,0,0,0,0,0,0,0,0,0,0
293,สำเร็จการศึกษา,โควตา-เครือข่าย,ปวส.,,วิทยาลัยเทคนิคสมุทรปราการ,131,128,128,2.51,0,0,0,0,0,0,0,0,3.08,2.88,0,2.98,3.28,3.26,0,0,0,0,0,0,0,0,0,0,0,0
294,ถอนชื่อออกจากทะเบียนนักศึกษา,"สอบสัมภาษณ์+VNET- รับตรง (ปวช. , ปวส.)",ปวส.,2.48,วิทยาลัยเทคนิคสมุทรสาคร,90,72,128,1.59,0,0,0,0,0,0,0,0,0,3.2,0,2.97,3.15,3.11,3.11,0,3.15,0,0,0,0,0,0,0,0,0
295,ถอนชื่อออกจากทะเบียนนักศึกษา,"สอบสัมภาษณ์+VNET- รับตรง (ปวช. , ปวส.)",ปวส.,2.49,วิทยาลัยเทคนิคสมุทรสาคร,150,129,128,2.12,0,0,0,0,0,0,0,0,2.17,2.41,0,2.38,2.53,2.51,2.46,2.41,0,0,0,0,0,0,0,0,0,0
296,พ้นสภาพนักศึกษา,"สอบสัมภาษณ์+VNET- รับตรง (ปวช. , ปวส.)",ปวส.,2.63,วิทยาลัยอาชีวศึกษาเอี่ยมละออ,101,65,128,1.4,0,0,0,0,0,0,0,0,4,2.5,0,2.24,2.52,2.47,2.57,2.51,0,0,0,0,0,0,0,0,0,0
297,ถอนชื่อเนื่องจากไม่มารายงานตัวนักศึกษา,"สอบสัมภาษณ์+VNET- รับตรง (ปวช. , ปวส.)",ปวส.,3.58,วิทยาลัยเทคโนโลยีระยองบริหารธุรกิจ,3,3,128,0,0,0,0,0,0,0,0,0,0,0,0,0,0,0,0,0,0,0,0,0,0,0,0,0,0,0
298,ถอนชื่อออกจากทะเบียนนักศึกษา,"สอบสัมภาษณ์+VNET- รับตรง (ปวช. , ปวส.)",ปวส.,2.95,วิทยาลัยอาชีวศึกษาสุพรรณบุรี,53,50,128,1.75,0,0,0,0,0,2.08,2.23,0,0,0,0,0,0,0,0,0,0,0,0,0,0,0,0,0,0,0
299,ถอนชื่อออกจากทะเบียนนักศึกษา,"สอบสัมภาษณ์+VNET- รับตรง (ปวช. , ปวส.)",ปวส.,3.11,วิทยาลัยเทคโนโลยีวัฒนาบริหารธุรกิจ,63,57,128,1.65,0,0,0,0,0,0,1.5,2,2.28,2.22,0,2.34,2.4,0,0,0,0,0,0,0,0,0,0,0,0,0
300,สำเร็จการศึกษา,"สอบสัมภาษณ์+VNET- รับตรง (ปวช. , ปวส.)",ปวส.,,วิทยาลัยเทคโนโลยีพณิชยการราชดำเนิน,129,129,128,3.21,0,0,0,0,0,3,3,3.09,3.28,3.28,0,3.32,0,0,0,0,0,0,0,0,0,0,0,0,0,0
301,โอนย้ายคณะ/สาขาวิชา/ภาค,"สอบสัมภาษณ์+VNET- รับตรง (ปวช. , ปวส.)",ปวส.,2.6,วิทยาลัยอาชีวศึกษานครศรีธรรมราช,13,13,128,0,0,0,0,0,0,0,0,0,0,0,0,0,3,0,0,0,0,0,0,0,0,0,0,0,0,0
302,สำเร็จการศึกษา,"สอบสัมภาษณ์+VNET- รับตรง (ปวช. , ปวส.)",ปวส.,3.73,วิทยาลัยเทคโนโลยีสยามธุรกิจ ในพระอุปถัมภ์ฯ,131,128,128,3.12,0,0,0,0,0,0,0,0,2.3,2.42,0,2.33,2.44,2.44,2.51,0,0,0,0,0,0,0,0,0,0,0
303,สำเร็จการศึกษา,"สอบสัมภาษณ์+VNET- รับตรง (ปวช. , ปวส.)",ปวส.,3.89,วิทยาลัยเทคโนโลยีพณิชยการราชดำเนิน,135,132,128,2.43,0,0,0,0,0,0,0,0,2,2.04,0,1.62,0,0,0,0,0,0,0,0,0,0,0,0,0,0
304,สำเร็จการศึกษา,"สอบสัมภาษณ์+VNET- รับตรง (ปวช. , ปวส.)",ปวส.,2.63,วิทยาลัยเทคนิคชัยนาท,132,129,128,2.42,0,0,0,0,0,0,0,0,1.8,1.73,0,1.86,2.23,2.21,2.23,2.16,0,2.12,2.09,0,0,2.02,0,0,0,0
305,สำเร็จการศึกษา,"สอบสัมภาษณ์+VNET- รับตรง (ปวช. , ปวส.)",ปวส.,2.98,วิทยาลัยเทคโนโลยีอรรถวิทย์พณิชยการ,140,128,128,2.47,0,0,0,0,0,0,0,0,1.83,1.69,0,1.5,0,0,0,0,0,0,0,0,0,0,0,0,0,0
306,สำเร็จการศึกษา,"สอบสัมภาษณ์+VNET- รับตรง (ปวช. , ปวส.)",ปวส.,3.63,วิทยาลัยเทคโนโลยีพณิชยการราชดำเนิน,128,128,128,2.6,0,0,0,0,0,0,0,0,2.4,1.96,0,1.67,1.21,0,0,0,0,0,0,0,0,0,0,0,0,0
307,โอนย้ายคณะ/สาขาวิชา/ภาค,TCAS สถานศึกษาเครือข่าย (สถานศึกษาส่งรายชื่อผู้สมัคร),มัธยมศึกษาตอนปลาย (ม.6),3.32,โรงเรียนมัธยมวัดสิงห์,63,63,128,2.97,0,0,0,0,0,0,0,0,2.08,2.19,0,2.32,0,0,0,0,0,0,0,0,0,0,0,0,0,0
308,ถอนชื่อออกจากทะเบียนนักศึกษา,รับตรง ปวช./ปวส.,ปวช.,3.07,วิทยาลัยสารพัดช่างนครปฐม,51,33,128,1.95,0,0,0,0,0,0,0,0,0,0,0,1.72,2.36,2.38,2.49,0,0,0,0,0,0,0,0,0,0,0
309,สำเร็จการศึกษา,รับตรง ปวช./ปวส.,ปวช.,3.54,วิทยาลัยเทคโนโลยีกิตติบริหารธุรกิจ,131,128,128,2.71,0,0,0,0,0,0,0,0,3.33,3.5,0,3.47,3.58,3.52,0,0,0,0,0,0,0,0,0,0,0,0
310,พ้นสภาพนักศึกษา,รับตรง ปวช./ปวส.,ปวช.,2.79,วิทยาลัยเทคโนโลยีตั้งตรงจิตรพณิชยการ,33,12,128,0.83,0,0,0,0,0,0,0,0,0,0,0,0,0,0,0,0,0,0,0,0,0,0,0,0,0,0
311,พ้นสภาพนักศึกษา,รับตรง ปวช./ปวส.,ปวช.,2.09,วิทยาลัยเทคโนโลยีบริหารธุรกิจยานนาวา,63,48,128,1.57,0,0,0,0,0,0,0,0,3.17,3.12,0,2.98,2.96,0,0,0,0,0,0,0,0,0,0,0,0,0
312,ถอนชื่อออกจากทะเบียนนักศึกษา,รับตรง ปวช./ปวส.,ปวช.,2.65,วิทยาลัยเทคโนโลยีอรรถวิทย์พณิชยการ,51,45,128,1.67,0,0,0,0,0,0,0,0,0,0,0,0,3.3,3.29,3.19,0,0,0,0,0,0,0,0,0,0,0
313,สำเร็จการศึกษา,TCAS สถานศึกษาเครือข่าย (สถานศึกษาส่งรายชื่อผู้สมัคร),มัธยมศึกษาตอนปลาย (ม.6),3.07,โรงเรียนมัธยมวัดธาตุทอง,131,128,128,3.09,0,0,0,0,0,0,0,0,3.42,3.42,0,3.48,3.6,3.64,3.64,0,0,0,0,0,0,0,0,0,0,0
314,สำเร็จการศึกษา,TCAS สถานศึกษาเครือข่าย (สถานศึกษาส่งรายชื่อผู้สมัคร),มัธยมศึกษาตอนปลาย (ม.6),3.22,โรงเรียนมัธยมสุวิทย์เสรีอนุสรณ์,131,128,128,2.94,0,0,0,0,0,0,0,0,2.1,2.55,0,2.55,2.75,2.79,2.79,0,0,0,0,0,0,0,0,0,0,0
315,ถอนชื่อออกจากทะเบียนนักศึกษา,TCAS สถานศึกษาเครือข่าย (สถานศึกษาส่งรายชื่อผู้สมัคร),มัธยมศึกษาตอนปลาย (ม.6),3.67,โรงเรียนเจ้าพระยาวิทยาคม,48,42,128,2.09,0,0,0,0,0,0,0,0,3.42,3.19,0,0,0,0,0,0,0,0,0,0,0,0,0,0,0,0
316,พ้นสภาพนักศึกษา,TCAS สถานศึกษาเครือข่าย (สถานศึกษาส่งรายชื่อผู้สมัคร),มัธยมศึกษาตอนปลาย (ม.6),1.96,โรงเรียนสุรศักดิ์มนตรี,72,45,128,1.38,0,0,0,0,0,0,0,0,0,0,0,3.42,3.29,3.33,0,0,0,0,0,0,0,0,0,0,0,0
317,โอนย้ายคณะ/สาขาวิชา/ภาค,TCAS สถานศึกษาเครือข่าย (สถานศึกษาส่งรายชื่อผู้สมัคร),เทียบเท่า ม.6 (กศน.),3.04,โรงเรียนวัดสุทธิวราราม,36,36,128,3.04,0,0,0,0,0,0,0,0,2.75,0,0,0,0,0,0,0,0,0,0,0,0,0,0,0,0,0
318,พ้นสภาพนักศึกษา,TCAS สถานศึกษาเครือข่าย (สถานศึกษาส่งรายชื่อผู้สมัคร),มัธยมศึกษาตอนปลาย (ม.6),1.31,โรงเรียนทวีธาภิเศก,84,69,128,1.73,0,0,0,0,0,0,0,0,3.75,3.28,0,3.24,3.32,3.33,3.33,0,3.36,0,0,0,0,0,0,0,0,0
319,พ้นสภาพนักศึกษา,TCAS สถานศึกษาเครือข่าย (สถานศึกษาส่งรายชื่อผู้สมัคร),มัธยมศึกษาตอนปลาย (ม.6),2.35,โรงเรียนปทุมคงคา,69,45,128,1.42,0,0,0,0,0,0,0,0,3.67,3.46,0,3.5,0,0,0,0,0,0,0,0,0,0,0,0,0,0
320,สำเร็จการศึกษา,โควตา ปวช./ปวส.,ปวช.,3.24,วิทยาลัยเทคโนโลยีบริหารธุรกิจยานนาวา,163,154,128,2.4,0,0,0,0,0,0,0,0,3.33,3.42,0,3.24,3.32,3.29,0,0,0,0,0,0,0,0,0,0,0,0
321,สำเร็จการศึกษา,โควตา ปวช./ปวส.,ปวส.,3.48,วิทยาลัยเทคโนโลยีตั้งตรงจิตรบริหารธุรกิจ,138,135,128,2.92,0,0,0,0,0,0,0,0,3.83,3.77,0,3.68,3.73,3.67,0,0,0,0,0,0,0,0,0,0,0,0
322,สำเร็จการศึกษา,โควตา ปวช./ปวส.,ปวส.,3.3,วิทยาลัยพณิชยการเชตุพน,137,134,128,2.91,0,0,0,0,0,0,0,0,3.08,3.04,0,2.9,3.03,3.06,0,0,0,0,0,0,0,0,0,0,0,0
323,สำเร็จการศึกษา,โควตา ปวช./ปวส.,ปวส.,3,วิทยาลัยพณิชยการเชตุพน,128,128,128,2.91,0,0,0,0,0,0,0,0,3,3.04,0,2.98,3.14,3.15,3.15,0,0,0,0,0,0,0,0,0,0,0
324,สำเร็จการศึกษา,โควตา ปวช./ปวส.,ปวส.,3.63,วิทยาลัยพณิชยการเชตุพน,131,131,128,3.32,0,0,0,0,0,0,0,0,3.92,3.75,0,3.77,3.8,3.76,0,0,3.82,0,0,0,0,0,0,0,0,0
325,สำเร็จการศึกษา,โควตา ปวช./ปวส.,ปวส.,3.98,วิทยาลัยอาชีวศึกษาเทคนิคบริหารธุรกิจกรุงเทพ,131,131,128,3.65,0,0,0,0,0,0,0,0,2.83,2.92,0,3.06,3.25,3.29,3.29,0,3.26,0,0,0,0,0,0,0,0,0
326,สำเร็จการศึกษา,โควตา ปวช./ปวส.,ปวส.,3.47,วิทยาลัยพณิชยการเชตุพน,131,131,128,3.32,0,0,0,0,0,0,0,0,2.7,2.67,0,2.58,2.63,2.69,2.65,0,0,0,0,0,0,0,0,0,0,0
327,สำเร็จการศึกษา,โควตา ปวช./ปวส.,ปวส.,3.82,วิทยาลัยพณิชยการเชตุพน,131,131,128,3.9,0,0,0,0,0,0,0,0,2.58,2.5,0,2.52,2.7,2.67,2.72,2.71,0,0,0,0,0,0,0,0,0,0
328,สำเร็จการศึกษา,โควตา ปวช./ปวส.,ปวส.,3.09,วิทยาลัยอาชีวศึกษาเอี่ยมละออ,135,132,128,2.38,0,0,0,0,0,0,0,0,2.83,2.77,0,2.65,2.73,2.71,2.7,0,0,0,0,0,0,0,0,0,0,0
329,สำเร็จการศึกษา,โควตา ปวช./ปวส.,ปวส.,3.78,วิทยาลัยอาชีวศึกษาเอี่ยมละออ,132,132,128,2.87,0,0,0,0,0,0,0,0,4,3.92,0,3.95,3.91,3.91,0,0,0,0,0,0,0,0,0,0,0,0
330,สำเร็จการศึกษา,โควตา ปวช./ปวส.,ปวส.,3.45,วิทยาลัยอาชีวศึกษาชุมพร,132,132,128,2.94,0,0,0,0,0,0,0,0,3.5,3.5,0,3.23,3.37,3.34,3.33,0,3.3,0,0,0,0,0,0,0,0,0
331,สำเร็จการศึกษา,โควตา ปวช./ปวส.,ปวส.,,วิทยาลัยพณิชยการเชตุพน,131,131,128,3.25,0,0,0,0,0,0,0,0,0,0,0,2.83,2.83,2.83,2.95,2.8,2.87,0,0,0,0,0,0,0,0,0
332,สำเร็จการศึกษา,โควตา ปวช./ปวส.,ปวส.,3.12,วิทยาลัยพณิชยการเชตุพน,131,131,128,3.05,0,0,0,0,0,0,0,0,0,0,0,2.83,2.92,2.91,2.99,2.86,2.94,0,0,0,0,0,0,0,0,0
333,สำเร็จการศึกษา,โควตา ปวช./ปวส.,ปวส.,3.63,วิทยาลัยอาชีวศึกษาเอี่ยมละออ,138,132,128,2.41,0,0,0,0,0,0,0,0,0,0,0,2.67,2.81,2.84,3.04,2.92,2.99,0,0,0,0,0,0,0,0,0
334,สำเร็จการศึกษา,โควตา ปวช./ปวส.,ปวส.,3.78,วิทยาลัยอาชีวศึกษาเอี่ยมละออ,135,132,128,2.78,0,0,0,0,0,0,0,0,2.25,2.31,0,2.4,2.6,2.59,2.56,2.48,2.48,0,0,0,0,0,0,0,0,0
335,สำเร็จการศึกษา,โควตา ปวช./ปวส.,ปวส.,2.8,วิทยาลัยพณิชยการเชตุพน,131,128,128,2.94,0,0,0,0,0,0,0,0,2.75,2.6,0,2.49,2.64,2.61,0,0,0,0,0,0,0,0,0,0,0,0
336,สำเร็จการศึกษา,โควตา ปวช./ปวส.,ปวส.,3.36,วิทยาลัยอาชีวศึกษาเอี่ยมละออ,138,132,128,2.5,0,0,0,0,0,0,0,0,0,0,0,0,0,0,3.5,3.5,3.41,3.42,3.29,3.35,0,0,0,0,0,0
337,สำเร็จการศึกษา,โควตา ปวช./ปวส.,ปวส.,3.29,วิทยาลัยพณิชยการเชตุพน,128,128,128,3.14,0,0,0,0,0,0,0,0,0,0,0,0,0,0,3.42,3.62,3.56,3.62,3.65,3.66,0,0,0,0,0,0
338,สำเร็จการศึกษา,โควตา ปวช./ปวส.,ปวส.,3.44,วิทยาลัยพณิชยการเชตุพน,131,131,128,3.12,0,0,0,0,0,0,0,0,0,0,0,0,0,0,2.62,2.73,2.75,2.87,2.78,2.88,2.85,0,0,0,0,0
339,สำเร็จการศึกษา,โควตา ปวช./ปวส.,ปวส.,3.53,วิทยาลัยอาชีวศึกษาเอี่ยมละออ,135,132,128,2.48,0,0,0,0,0,0,0,0,0,0,0,0,0,0,3.08,3.12,3.12,3.26,3.19,3.23,0,0,0,0,0,0
340,สำเร็จการศึกษา,โควตา ปวช./ปวส.,ปวส.,3.42,วิทยาลัยพณิชยการเชตุพน,128,128,128,2.99,0,0,0,0,0,0,0,0,0,0,0,0,0,0,2.75,2.73,2.78,2.77,2.7,2.81,0,0,0,0,0,0
341,สำเร็จการศึกษา,รับตรง ปวช./ปวส.,ปวส.,2.91,วิทยาลัยพณิชยการเชตุพน,128,128,128,3.12,0,0,0,0,0,0,0,0,0,0,0,0,0,0,3,3.19,3.12,3.13,3.12,3.15,3.18,0,0,0,0,0
342,สำเร็จการศึกษา,รับตรง ปวช./ปวส.,ปวส.,2.54,วิทยาลัยพณิชยการเชตุพน,134,128,128,2.29,0,0,0,0,0,0,0,0,0,0,0,0,0,0,3.58,3.54,3.38,3.51,3.58,3.6,0,0,0,0,0,0
343,สำเร็จการศึกษา,รับตรง ปวช./ปวส.,ปวส.,3.45,วิทยาลัยอาชีวศึกษาเอี่ยมละออ,147,135,128,2.22,0,0,0,0,0,0,0,0,0,0,0,0,0,0,2.92,3.04,3.06,3.24,3.15,3.22,0,0,0,0,0,0
344,สำเร็จการศึกษา,รับตรง ปวช./ปวส.,ปวส.,3.89,วิทยาลัยเทคโนโลยีสยาม (สยามเทค),129,129,128,2.7,0,0,0,0,0,0,0,0,0,0,0,0,0,0,4,3.19,3.23,3.28,3.16,3.26,3.22,0,0,0,0,0
345,สำเร็จการศึกษา,รับตรง ปวช./ปวส.,ปวส.,2.74,วิทยาลัยพณิชยการเชตุพน,131,128,128,2.81,0,0,0,0,0,0,0,0,0,0,0,0,0,0,3.33,3.35,3.38,3.49,3.44,3.47,0,0,0,0,0,0
346,สำเร็จการศึกษา,รับตรง ปวช./ปวส.,ปวส.,3.54,วิทยาลัยอาชีวศึกษาเอี่ยมละออ,138,132,128,2.38,0,0,0,0,0,4,0,0,0,0,0,0,0,0,3.14,2.96,2.94,3.08,2.96,3.01,0,0,0,0,0,0
347,สำเร็จการศึกษา,รับตรง ปวช./ปวส.,ปวส.,2.91,วิทยาลัยพณิชยการเชตุพน,134,131,128,3.05,0,0,0,0,0,2.2,2.5,2.57,2.5,2.63,2.66,2.75,2.77,0,0,0,0,0,0,0,0,0,0,0,0,0
348,สำเร็จการศึกษา,รับตรง ปวช./ปวส.,ปวส.,2.96,วิทยาลัยเทคนิคประจวบคีรีขันธ์,135,135,128,2.65,0,0,0,0,0,2.67,2.69,2.72,2.85,2.99,0,3.04,0,0,0,0,0,0,0,0,0,0,0,0,0,0
349,สำเร็จการศึกษา,รับตรง ปวช./ปวส.,ปวส.,2.33,วิทยาลัยพณิชยการเชตุพน,138,129,128,3.11,0,0,0,0,0,3.25,2.73,2.73,2.62,2.74,2.76,2.86,0,0,0,0,0,0,0,0,0,0,0,0,0,0
350,สำเร็จการศึกษา,โควตา ปวช./ปวส.,ปวส.,3.18,วิทยาลัยเทคโนโลยีบริหารธุรกิจยานนาวา,134,131,128,2.71,0,0,0,0,0,2.1,2.58,2.72,3.04,3.2,0,3.26,0,0,0,0,0,0,0,0,0,0,0,0,0,0
351,สำเร็จการศึกษา,รับตรง ปวช./ปวส.,ปวส.,3.17,วิทยาลัยเทคโนโลยีสหะพาณิชย์บริหารธุรกิจ,131,131,128,2.87,0,0,0,0,0,2.42,2.42,2.43,2.53,2.59,2.63,2.75,0,0,0,0,0,0,0,0,0,0,0,0,0,0
352,สำเร็จการศึกษา,โควตา ปวช./ปวส.,ปวช.,2.96,วิทยาลัยพณิชยการเชตุพน,128,128,128,3.34,0,0,0,0,0,3.08,2.96,2.97,3.11,3.1,0,3.15,0,0,0,0,0,0,0,0,0,0,0,0,0,0
353,สำเร็จการศึกษา,โควตา ปวช./ปวส.,ปวช.,3.37,วิทยาลัยพณิชยการเชตุพน,128,128,128,3.16,0,0,0,0,0,3.9,3.33,3.3,3.37,3.32,0,3.37,3.36,0,0,0,0,0,0,0,0,0,0,0,0,0
354,ถอนชื่อออกจากทะเบียนนักศึกษา,โควตา ปวช./ปวส.,ปวช.,3.17,วิทยาลัยเทคโนโลยีเมืองชลพณิชยการ,18,18,128,2.58,0,0,0,0,0,4,3.17,0,0,0,0,0,0,0,0,0,0,0,0,0,0,0,0,0,0,0
355,ถอนชื่อออกจากทะเบียนนักศึกษา,โควตา ปวช./ปวส.,ปวช.,3.15,วิทยาลัยเทคโนโลยีเมืองชลพณิชยการ,18,15,128,2.16,0,0,0,0,0,0,3.5,3.5,3.58,0,0,0,0,0,0,0,0,0,0,0,0,0,0,0,0,0
356,สำเร็จการศึกษา,รับตรง ปวช./ปวส.,ปวช.,2.3,วิทยาลัยพณิชยการเชตุพน,128,128,128,2.46,0,0,0,0,0,2.42,2.58,2.66,2.99,3.18,0,3.23,3.24,0,0,0,0,0,0,0,0,0,0,0,0,0
357,สำเร็จการศึกษา,TCAS สถานศึกษาเครือข่าย (สถานศึกษาส่งรายชื่อผู้สมัคร),มัธยมศึกษาตอนปลาย (ม.6),2.52,โรงเรียนมัธยมด่านสำโรง,131,128,128,2.68,0,0,0,0,0,2.25,2.46,2.56,2.76,2.81,0,2.86,2.87,0,0,0,0,0,0,0,0,0,0,0,0,0
358,สำเร็จการศึกษา,TCAS สถานศึกษาเครือข่าย (สถานศึกษาส่งรายชื่อผู้สมัคร),มัธยมศึกษาตอนปลาย (ม.6),2.39,โรงเรียนเตรียมอุดมศึกษาน้อมเกล้า สมุทรปราการ,128,128,128,2.17,0,0,0,0,0,2.7,2.71,2.68,2.94,3.05,0,3.16,0,0,0,0,0,0,0,0,0,0,0,0,0,0
359,ปกติ,TCAS สถานศึกษาเครือข่าย (สถานศึกษาส่งรายชื่อผู้สมัคร),มัธยมศึกษาตอนปลาย (ม.6),2.36,โรงเรียนเตรียมอุดมศึกษาน้อมเกล้า สมุทรปราการ,137,125,128,2.11,0,0,0,0,0,3.33,3.23,3.31,3.46,3.51,0,3.55,0,0,0,0,0,0,0,0,0,0,0,0,0,0
360,สำเร็จการศึกษา,TCAS สถานศึกษาเครือข่าย (สถานศึกษาส่งรายชื่อผู้สมัคร),มัธยมศึกษาตอนปลาย (ม.6),2.29,โรงเรียนวัดราชโอรส,131,128,128,2.36,0,0,0,0,0,1.9,1.79,1.93,2.06,2.1,2.15,2.22,2.21,0,0,0,0,0,0,0,0,0,0,0,0,0
361,สำเร็จการศึกษา,TCAS สถานศึกษาเครือข่าย (สถานศึกษาส่งรายชื่อผู้สมัคร),มัธยมศึกษาตอนปลาย (ม.6),3.85,โรงเรียนสวนรัฐวิทยา,128,128,128,3.59,0,0,0,0,0,2.2,2.25,2.32,2.38,2.42,2.48,2.61,2.62,0,0,0,0,0,0,0,0,0,0,0,0,0
362,โอนย้ายคณะ/สาขาวิชา/ภาค,รับตรง ปวช./ปวส.,ปวช.,2.04,วิทยาลัยเทคโนโลยีสารสาสน์,66,42,128,2.03,0,0,0,0,0,2.83,2.77,0,0,0,0,0,0,0,0,0,0,0,0,0,0,0,0,0,0,0
363,ถอนชื่อออกจากทะเบียนนักศึกษา,รับตรง ปวช./ปวส.,ปวช.,2.73,วิทยาลัยเทคโนโลยีบริหารธุรกิจยานนาวา,119,93,128,2.4,0,0,0,0,0,0,0,2.67,2.93,2.96,0,3.09,3.14,0,0,0,0,0,0,0,0,0,0,0,0,0
364,ลาออก,TCAS สถานศึกษาเครือข่าย (สถานศึกษาส่งรายชื่อผู้สมัคร),มัธยมศึกษาตอนปลาย (ม.6),2.89,โรงเรียนมัธยมสุวิทย์เสรีอนุสรณ์,3,0,128,0,0,0,0,0,0,0,0,0,0,0,0,0,3,0,0,0,0,0,0,0,0,0,0,0,0,0
365,สำเร็จการศึกษา,TCAS สถานศึกษาเครือข่าย (สถานศึกษาส่งรายชื่อผู้สมัคร),มัธยมศึกษาตอนปลาย (ม.6),2.76,โรงเรียนอัสสัมชัญ,128,128,128,2.87,0,0,0,0,0,0,0,0,0,0,0,2,2.27,2.44,2.7,2.68,2.75,0,0,0,0,0,0,0,0,0
366,สำเร็จการศึกษา,TCAS สถานศึกษาเครือข่าย (สถานศึกษาส่งรายชื่อผู้สมัคร),มัธยมศึกษาตอนปลาย (ม.6),2.72,โรงเรียนพระแม่มารี (สาทร),128,128,128,2.94,0,0,0,0,0,0,0,0,0,0,0,1.8,2.25,2.19,2.45,2.34,2.41,2.34,2.29,2.31,0,0,0,0,0,0
367,ถอนชื่อออกจากทะเบียนนักศึกษา,TCAS สถานศึกษาเครือข่าย (สถานศึกษาส่งรายชื่อผู้สมัคร),มัธยมศึกษาตอนปลาย (ม.6),2.24,โรงเรียนราชประชาสมาสัย ฝ่ายมัธยม รัชดาภิเษก ในพระบรมราชูปถัมภ์,18,0,128,0,0,0,0,0,0,0,0,0,0,0,0,0,3,2.42,0,0,0,0,0,0,0,0,0,0,0,0
368,สำเร็จการศึกษา,TCAS สถานศึกษาเครือข่าย (สถานศึกษาส่งรายชื่อผู้สมัคร),มัธยมศึกษาตอนปลาย (ม.6),2.37,โรงเรียนรัตนโกสินทร์สมโภชบางขุนเทียน,128,128,128,3.09,0,0,0,0,0,0,0,0,0,0,0,2.17,2.46,2.54,2.76,2.54,2.56,2.48,2.43,2.46,0,0,0,0,0,0
369,ลาออก,TCAS สถานศึกษาเครือข่าย (สถานศึกษาส่งรายชื่อผู้สมัคร),มัธยมศึกษาตอนปลาย (ม.6),3.38,โรงเรียนบางมดวิทยา “สีสุกหวาดจวนอุปถัมภ์”,72,69,128,1.95,0,0,0,0,0,0,0,0,0,0,0,0,0,2,2.86,2.61,2.81,2.85,0,0,0,0,0,0,0,0
370,สำเร็จการศึกษา,TCAS สถานศึกษาเครือข่าย (สถานศึกษาส่งรายชื่อผู้สมัคร),มัธยมศึกษาตอนปลาย (ม.6),3.46,โรงเรียนมัธยมวัดสุทธาราม,128,128,128,2.98,0,0,0,0,0,0,0,0,0,0,0,2.3,2.67,2.7,2.84,2.74,2.81,0,0,0,0,0,0,0,0,0
371,สำเร็จการศึกษา,TCAS สถานศึกษาเครือข่าย (สถานศึกษาส่งรายชื่อผู้สมัคร),มัธยมศึกษาตอนปลาย (ม.6),2.87,โรงเรียนมัธยมวัดสุทธาราม,131,128,128,2.62,0,0,0,0,0,0,0,0,0,0,0,1.8,2.23,2.25,2.45,2.29,2.36,2.38,0,0,0,0,0,0,0,0
372,สำเร็จการศึกษา,TCAS สถานศึกษาเครือข่าย (สถานศึกษาส่งรายชื่อผู้สมัคร),มัธยมศึกษาตอนปลาย (ม.6),3.1,โรงเรียนบางมดวิทยา “สีสุกหวาดจวนอุปถัมภ์”,134,128,128,2.28,0,0,0,0,0,0,0,0,0,0,0,2.83,3.12,3.09,3.13,2.98,3.05,3.06,0,3.05,0,0,0,0,0,0
373,ถอนชื่อออกจากทะเบียนนักศึกษา,TCAS สถานศึกษาเครือข่าย (สถานศึกษาส่งรายชื่อผู้สมัคร),มัธยมศึกษาตอนปลาย (ม.6),2.26,โรงเรียนพระแม่มารี (สาทร),39,15,128,1.83,0,0,0,0,0,0,0,0,0,0,0,1.9,0,0,0,0,0,0,0,0,0,0,0,0,0,0
374,ถอนชื่อออกจากทะเบียนนักศึกษา,TCAS สถานศึกษาเครือข่าย (สถานศึกษาส่งรายชื่อผู้สมัคร),มัธยมศึกษาตอนปลาย (ม.6),2.78,โรงเรียนราชประชาสมาสัย ฝ่ายมัธยม รัชดาภิเษก ในพระบรมราชูปถัมภ์,39,15,128,1,0,0,0,0,0,0,0,0,0,0,0,2,2.5,2.59,2.77,0,0,0,0,0,0,0,0,0,0,0
375,สำเร็จการศึกษา,TCAS สถานศึกษาเครือข่าย (สถานศึกษาส่งรายชื่อผู้สมัคร),มัธยมศึกษาตอนปลาย (ม.6),2.97,โรงเรียนพระแม่มารี (สาทร),128,128,128,3.73,0,0,0,0,0,0,0,0,0,0,0,0,3.12,3.08,3.27,2.81,2.93,2.91,0,0,0,0,0,0,0,0
376,ถอนชื่อออกจากทะเบียนนักศึกษา,TCAS สถานศึกษาเครือข่าย (สถานศึกษาส่งรายชื่อผู้สมัคร),มัธยมศึกษาตอนปลาย (ม.6),3.03,โรงเรียนบางมดวิทยา “สีสุกหวาดจวนอุปถัมภ์”,54,45,128,1.86,0,0,0,0,0,0,0,0,0,0,0,0,0,2.5,3.11,2.94,2.94,3.13,0,0,0,0,0,0,0,0
377,สำเร็จการศึกษา,TCAS สถานศึกษาเครือข่าย (สถานศึกษาส่งรายชื่อผู้สมัคร),มัธยมศึกษาตอนปลาย (ม.6),3.68,โรงเรียนมัธยมสุวิทย์เสรีอนุสรณ์,128,128,128,2.9,0,0,0,0,0,0,0,0,0,0,0,2.75,2.77,2.75,2.95,2.83,2.91,2.91,0,2.91,0,0,0,0,0,0
378,สำเร็จการศึกษา,TCAS สถานศึกษาเครือข่าย (สถานศึกษาส่งรายชื่อผู้สมัคร),มัธยมศึกษาตอนปลาย (ม.6),2.35,โรงเรียนสุรศักดิ์มนตรี,128,128,128,3.31,0,0,0,0,0,0,0,0,0,0,0,2.5,2.77,2.88,2.97,2.83,2.91,0,0,0,0,0,0,0,0,0
379,สำเร็จการศึกษา,TCAS สถานศึกษาเครือข่าย (สถานศึกษาส่งรายชื่อผู้สมัคร),มัธยมศึกษาตอนปลาย (ม.6),3.23,โรงเรียนวัดสุทธิวราราม,131,131,128,2.76,0,0,0,0,0,0,0,0,0,0,0,3,3.27,3.25,3.35,3.3,3.32,0,0,0,0,0,0,0,0,0
380,ถอนชื่อออกจากทะเบียนนักศึกษา,TCAS สถานศึกษาเครือข่าย (สถานศึกษาส่งรายชื่อผู้สมัคร),มัธยมศึกษาตอนปลาย (ม.6),3.44,โรงเรียนบางปะกอกวิทยาคม,36,30,128,1.54,0,0,0,0,0,0,0,0,0,0,0,0,0,0,0,0,0,0,0,0,0,0,0,0,0,0
381,สำเร็จการศึกษา,TCAS สถานศึกษาเครือข่าย (สถานศึกษาส่งรายชื่อผู้สมัคร),มัธยมศึกษาตอนปลาย (ม.6),3.18,โรงเรียนทวีธาภิเศก,128,128,128,3.23,0,0,0,0,0,0,0,0,0,0,0,3.75,3.77,3.75,3.8,3.69,3.66,0,0,0,0,0,0,0,0,0
382,ถอนชื่อออกจากทะเบียนนักศึกษา,TCAS สถานศึกษาเครือข่าย (สถานศึกษาส่งรายชื่อผู้สมัคร),มัธยมศึกษาตอนปลาย (ม.6),2.42,โรงเรียนราชประชาสมาสัย ฝ่ายมัธยม รัชดาภิเษก ในพระบรมราชูปถัมภ์,18,0,128,0,0,0,0,0,0,0,0,0,0,0,0,2.8,0,0,0,0,0,0,0,0,0,0,0,0,0,0
383,สำเร็จการศึกษา,TCAS สถานศึกษาเครือข่าย (สถานศึกษาส่งรายชื่อผู้สมัคร),มัธยมศึกษาตอนปลาย (ม.6),2.85,โรงเรียนถาวรานุกูล,128,128,128,3.51,0,0,0,0,0,0,0,0,0,0,0,3.6,3.46,3.43,3.53,3.45,3.51,0,0,0,0,0,0,0,0,0
384,ถอนชื่อออกจากทะเบียนนักศึกษา,TCAS สถานศึกษาเครือข่าย (สถานศึกษาส่งรายชื่อผู้สมัคร),มัธยมศึกษาตอนปลาย (ม.6),2.35,โรงเรียนสวนกุหลาบวิทยาลัย,131,125,128,2.45,0,0,0,0,0,0,0,0,0,0,0,3,3.55,3.61,3.68,3.72,3.75,0,0,0,0,0,0,0,0,0
385,พ้นสภาพนักศึกษา,TCAS สถานศึกษาเครือข่าย (สถานศึกษาส่งรายชื่อผู้สมัคร),มัธยมศึกษาตอนปลาย (ม.6),2.25,โรงเรียนเตรียมอุดมศึกษาพัฒนาการ,33,12,128,0.65,0,0,0,0,0,0,0,0,0,0,0,2,2.2,2.09,0,0,0,0,0,0,0,0,0,0,0,0
386,สำเร็จการศึกษา,TCAS สถานศึกษาเครือข่าย (สถานศึกษาส่งรายชื่อผู้สมัคร),มัธยมศึกษาตอนปลาย (ม.6),2.92,โรงเรียนศรีอยุธยา ในพระอุปถัมภ์ฯ,137,128,128,2.66,0,0,0,0,0,0,0,0,0,0,0,1.92,2.58,2.59,2.77,2.66,2.66,0,0,0,0,0,0,0,0,0
387,สำเร็จการศึกษา,TCAS สถานศึกษาเครือข่าย (สถานศึกษาส่งรายชื่อผู้สมัคร),มัธยมศึกษาตอนปลาย (ม.6),2.5,โรงเรียนสายปัญญา ในพระบรมราชินูปถัมภ์,140,128,128,2.54,0,0,0,0,0,0,0,0,0,0,0,3.25,3.31,3.31,3.31,3.24,3.29,0,0,0,0,0,0,0,0,0
388,ถอนชื่อออกจากทะเบียนนักศึกษา,TCAS สถานศึกษาเครือข่าย (สถานศึกษาส่งรายชื่อผู้สมัคร),เทียบเท่า ม.6 (กศน.),2.51,ศูนย์การศึกษานอกระบบและการศึกษาตามอัธยาศัยอำเภอชุมแสง,18,3,128,0.33,0,0,0,0,0,0,0,0,0,0,0,0,0,0,3.4,3.31,0,0,0,0,0,0,0,0,0,0
389,สำเร็จการศึกษา,TCAS สถานศึกษาเครือข่าย (สถานศึกษาส่งรายชื่อผู้สมัคร),มัธยมศึกษาตอนปลาย (ม.6),2.29,โรงเรียนปทุมคงคา,128,128,128,2.98,0,0,0,0,0,0,0,0,0,0,0,2.75,3,3.03,3.17,3.08,3.15,0,0,0,0,0,0,0,0,0
390,สำเร็จการศึกษา,โควตา ปวช./ปวส.,ปวส.,3.19,วิทยาลัยพณิชยการเชตุพน,134,134,128,3.34,0,0,0,0,0,0,0,0,0,0,0,1.9,2.36,2.43,2.59,2.48,2.53,0,0,0,0,0,0,0,0,0
391,สำเร็จการศึกษา,โควตา ปวช./ปวส.,ปวส.,3.41,วิทยาลัยพณิชยการเชตุพน,134,134,128,3.68,0,0,0,0,0,0,0,0,0,0,0,2.33,2.75,2.8,2.85,2.68,2.71,2.65,0,0,0,0,0,0,0,0
392,สำเร็จการศึกษา,โควตา ปวช./ปวส.,ปวส.,2.77,วิทยาลัยพณิชยการเชตุพน,131,131,128,2.84,0,0,0,0,0,0,0,0,0,0,0,2.4,2.71,2.87,3.04,2.98,3.03,0,0,0,0,0,0,0,0,0
393,สำเร็จการศึกษา,โควตา ปวช./ปวส.,ปวส.,3.1,วิทยาลัยพณิชยการเชตุพน,134,134,128,3.23,0,0,0,0,0,0,0,0,0,0,0,1.8,2.45,2.43,2.59,2.44,2.48,2.52,0,0,0,0,0,0,0,0
394,สำเร็จการศึกษา,รับตรง ปวช./ปวส.,ปวส.,2.82,วิทยาลัยเทคโนโลยีพณิชยการราชดำเนิน,135,135,128,2.81,0,0,0,0,0,0,0,0,0,0,0,2.83,3.04,3.09,3.1,3.01,2.98,2.99,0,0,0,0,0,0,0,0
395,สำเร็จการศึกษา,รับตรง ปวช./ปวส.,ปวส.,2.95,วิทยาลัยพณิชยการเชตุพน,131,131,128,3.18,0,0,0,0,0,0,0,0,0,0,0,2.92,3.15,3.19,3.31,3.15,3.22,0,0,0,0,0,0,0,0,0
396,สำเร็จการศึกษา,รับตรง ปวช./ปวส.,ปวส.,3.24,วิทยาลัยพณิชยการเชตุพน,131,131,128,3.6,0,0,0,0,0,0,0,0,0,0,0,2.2,2.5,2.4,2.54,2.46,2.52,0,0,0,0,0,0,0,0,0
397,สำเร็จการศึกษา,รับตรง ปวช./ปวส.,ปวส.,2.89,วิทยาลัยพณิชยการเชตุพน,134,134,128,3.23,0,0,0,0,0,0,0,0,0,0,0,2.58,2.81,2.75,2.97,2.89,2.9,0,0,0,0,0,0,0,0,0
398,สำเร็จการศึกษา,รับตรง ปวช./ปวส.,ปวส.,2.83,วิทยาลัยพณิชยการเชตุพน,134,134,128,3.14,0,0,0,0,0,0,0,0,0,0,0,2.33,2.88,2.66,2.77,2.68,2.73,2.73,0,2.76,0,0,0,0,0,0
399,สำเร็จการศึกษา,รับตรง ปวช./ปวส.,ปวส.,3.3,วิทยาลัยพณิชยการเชตุพน,134,134,128,3.47,0,0,0,0,0,2.5,2.38,2.41,2.68,2.76,0,2.78,0,0,0,2.81,0,2.8,0,2.82,0,0,0,0,0,0
400,สำเร็จการศึกษา,รับตรง ปวช./ปวส.,ปวส.,3.09,วิทยาลัยพณิชยการเชตุพน,134,134,128,2.97,0,0,0,0,0,0,0,0,2.25,2.46,0,2.57,2.68,2.7,2.71,0,0,0,0,0,0,0,0,0,0,0
401,ถอนชื่อออกจากทะเบียนนักศึกษา,รับตรง ปวช./ปวส.,ปวส.,2.77,วิทยาลัยเทคโนโลยีมิตรพลบริหารธุรกิจ,57,39,128,0,0,0,0,0,0,0,0,0,0,0,0,0,0,0,0,0,0,0,0,0,0,0,0,0,0,0
402,สำเร็จการศึกษา,รับตรง ปวช./ปวส.,ปวส.,3.87,วิทยาลัยเทคโนโลยีบริหารธุรกิจยานนาวา,140,137,128,2.89,0,0,0,0,0,0,0,0,0,0,0,0,0,0,2.75,2.69,2.78,2.94,2.87,2.9,0,0,0,0,0,0
403,ถอนชื่อออกจากทะเบียนนักศึกษา,รับตรง ปวช./ปวส.,ปวส.,2.57,วิทยาลัยเทคนิคสมุทรปราการ,48,30,128,0,0,0,0,0,0,0,0,0,0,0,0,0,0,0,0,0,0,0,0,0,0,0,0,0,0,0
404,ถอนชื่อออกจากทะเบียนนักศึกษา,รับตรง ปวช./ปวส.,ปวส.,3.05,วิทยาลัยอาชีวศึกษาอุตรดิตถ์,55,37,128,0,0,0,0,0,0,0,0,0,0,0,0,0,0,0,0,0,0,0,0,0,0,0,0,0,0,0
405,ถอนชื่อเนื่องจากไม่ชำระเงินค่าขึ้นทะเบียนนักศึกษาใหม่,รับตรง ปวช./ปวส.,,,โรงเรียน -,45,45,128,0,0,0,0,0,0,0,0,0,0,0,0,0,0,0,0,0,0,0,0,0,0,0,0,0,0,0
406,ลาออกเนื่องจากสาขาไม่เปิดการเรียนการสอน,รับตรง ปวช./ปวส.,ปวส.,3.48,วิทยาลัยเทคนิคร้อยเอ็ด,37,37,128,0,0,0,0,0,0,0,0,0,0,0,0,0,0,0,0,0,0,0,0,0,0,0,0,0,0,0
407,ถอนชื่อเนื่องจากไม่ชำระเงินค่าขึ้นทะเบียนนักศึกษาใหม่,รับตรง ปวช./ปวส.,,,โรงเรียน -,45,45,128,0,0,0,0,0,0,0,0,0,0,0,0,0,0,0,0,0,0,0,0,0,0,0,0,0,0,0
408,ถอนชื่อเนื่องจากไม่ชำระเงินค่าขึ้นทะเบียนนักศึกษาใหม่,รับตรง ปวช./ปวส.,,,โรงเรียน -,45,45,128,0,0,0,0,0,0,0,0,0,0,0,0,0,0,0,0,0,0,0,0,0,0,0,0,0,0,0
